item_id,item_name,store_id,store_name,original_price,price,category,stock_0930,stock_1630,stock_2030,change_1,change_2,change_3
68213c05b14699806189b2b0,Wildrose Herbal D-TOX Kit 12day Program,67ffcc6581edee2219c54e94,Unknown,64.99,54.99,Health & Wellness,9.0,9.0,9.0,0.0,0.0,0.0
682bbc06c8802244e1542253,Banat Toothbrush Pack Of 2,67ffcc6581edee2219c54e94,Unknown,4.99,2.99,Grocery,6.0,6.0,6.0,0.0,0.0,0.0
682bbe4326bdd6612a51d31e,Auroshikha 18 Fragrance (Mini Palette),67ffcc6581edee2219c54e94,Unknown,10.99,4.99,Grocery,4.0,4.0,4.0,0.0,0.0,0.0
682bbf183e6e6efab73a3fb7,Meditation Incense Cones,67ffcc6581edee2219c54e94,Unknown,12.99,6.99,Grocery,8.0,8.0,8.0,0.0,0.0,0.0
6850875cf14056777f0acbd8,Desert Essence Red Raspberry Shampoo 237ml,67ffcc6581edee2219c54e94,Unknown,15.99,7.99,Grocery,2.0,2.0,2.0,0.0,0.0,0.0
6869b846e76ab7f39234f42b,Sour Strips Green Apple,685f076cae659ef8e57956fc,Unknown,8.99,7.99,Snacks & Drinks,3.0,3.0,3.0,0.0,0.0,0.0
6869b8b6e76ab7f3923502a3,Sour Strips Strawberry,685f076cae659ef8e57956fc,Unknown,8.99,7.99,Snacks & Drinks,4.0,4.0,4.0,0.0,0.0,0.0
6869b92126c9413d166fb8bf,Sour Strips Cotton Candy,685f076cae659ef8e57956fc,Unknown,8.99,7.99,Snacks & Drinks,1.0,1.0,1.0,0.0,0.0,0.0
6869b96c26c9413d166fc310,Sour Strips Watermelon,685f076cae659ef8e57956fc,Unknown,8.99,7.99,Snacks & Drinks,1.0,1.0,1.0,0.0,0.0,0.0
6869b9bdd45286d9ce5ea147,Sour Strips Tropical Mango,685f076cae659ef8e57956fc,Unknown,8.99,7.99,Snacks & Drinks,1.0,1.0,1.0,0.0,0.0,0.0
6869ba9ee76ab7f392353a9d,Sour Strips Pink Lemonade,685f076cae659ef8e57956fc,Unknown,8.99,7.99,Snacks & Drinks,5.0,5.0,5.0,0.0,0.0,0.0
6869bae4d45286d9ce5ec328,Sour Strips Wild Cherry,685f076cae659ef8e57956fc,Unknown,8.99,7.99,Snacks & Drinks,3.0,3.0,3.0,0.0,0.0,0.0
686af3f226c9413d168f16fa,Pringles Original Party Pack,685f076cae659ef8e57956fc,Unknown,5.99,5.5,Snacks & Drinks,4.0,4.0,4.0,0.0,0.0,0.0
689d126ad4eefc4286f0c86b,Halloween Sprinkles (186g),65e8f30bcb43951cbd853f59,Unknown,7.99,3.99,Pantry,1.0,1.0,1.0,0.0,0.0,0.0
68a523bee4d63010325aea25,Herbafresh Dead Sea Bath Salt 500g,67ffcc6581edee2219c54e94,Unknown,8.99,3.99,Grocery,15.0,15.0,15.0,0.0,0.0,0.0
68bc5e026e06f3f1d9451757,L'Oreal Paris Feria Smokey Silver S1 Silver Grey Permanent Hair Dye Kit (1 ct),65e8f30bcb43951cbd853f59,Unknown,21.29,10.65,Beauty,1.0,1.0,1.0,0.0,0.0,0.0
691f6eb770ccf1c96852c9f3,Coconut Cashews,691b59a5669ef62168a65bdb,Unknown,3.5,2.0,Nuts & Snacks,26.0,26.0,26.0,0.0,0.0,0.0
692b87b2ddfa836f5a2ef579,CanadaDry Tonic Water,65e8f30bcb43951cbd853f59,Unknown,2.0,1.0,Drinks,4.0,4.0,4.0,0.0,0.0,0.0
692ddf41ddfa836f5a52b63f,Sandwiches Frozen ( 1 sandwich),67e6b1577b5f59b1bba8c7c4,Unknown,13.0,3.0,Pizza Dough,9.0,9.0,9.0,0.0,0.0,0.0
692e5b5c7aaefcde17875128,Everland Himalayan Crystal Salt 500g,67ffcc6581edee2219c54e94,Unknown,5.99,2.99,Grocery,6.0,6.0,6.0,0.0,0.0,0.0
693afbd1d3fd4f887138df8c,"Mixed Artisan Loaf , Frozen ( 4 Loaves )",67e6b1577b5f59b1bba8c7c4,Unknown,30.0,9.99,Artisan Crosta,19.0,19.0,,0.0,,
6941ca5d3da7f42e08c87057,Cinnamon Banana Chips,691b59a5669ef62168a65bdb,Unknown,2.0,1.0,Nuts & Snacks,18.0,18.0,18.0,0.0,0.0,0.0
694f4f235e79deb3be62174a,TRESemme Extra Hold Hairspray (311 g),65e8f30bcb43951cbd853f59,Unknown,11.79,5.89,Beauty,1.0,1.0,1.0,0.0,0.0,0.0
695807500c79613ef47ed200,Pretzel Pzazz Sour Cream & Chive,685f076cae659ef8e57956fc,Unknown,4.49,3.49,Snacks & Drinks,2.0,2.0,2.0,0.0,0.0,0.0
695807dba1132e12bc69c1a4,Haribo Peaches,685f076cae659ef8e57956fc,Unknown,4.79,4.19,Snacks & Drinks,6.0,6.0,6.0,0.0,0.0,0.0
695808f35e79deb3beeece5d,Warheads Sour Galactic Cubes,685f076cae659ef8e57956fc,Unknown,4.29,3.69,Snacks & Drinks,2.0,2.0,2.0,0.0,0.0,0.0
695809afa1132e12bc6a0f28,Trolli Sweet Peach,685f076cae659ef8e57956fc,Unknown,4.49,3.69,Snacks & Drinks,8.0,8.0,8.0,0.0,0.0,0.0
69580a580c79613ef47f3b0e,Arizona Fruit Snacks,685f076cae659ef8e57956fc,Unknown,5.79,4.29,Snacks & Drinks,4.0,4.0,4.0,0.0,0.0,0.0
69652c1c4af2f7687af33324,Milk Crate,69379713a3687e3a3db2d8bc,Unknown,0.25,0.01,General Merchandise,7.0,6.0,6.0,1.0,0.0,1.0
696746f2d19b1cd887bcac80,Maple Leaf Vienna Sausage (113 g),65e8f30bcb43951cbd853f59,Unknown,1.67,0.83,Pantry,4.0,4.0,4.0,0.0,0.0,0.0
69689ba1ec5bd6df663bb105,Frank's RedHot Spicy Buffalo Wings Sauce (354 ml),65e8f30bcb43951cbd853f59,Unknown,5.79,2.89,Pantry,2.0,2.0,2.0,0.0,0.0,0.0
69689ccf72737f9491dae2ae,Gerber Lil' Entrées Mashed Potato & Gravy with Roasted Chicken & Carrots Baby Food (187 g),65e8f30bcb43951cbd853f59,Unknown,3.69,1.84,Baby,1.0,1.0,1.0,0.0,0.0,0.0
69689d43ec5bd6df663bb585,Mrs. Dash Lemon Pepper Seasoning Blend (70 g),65e8f30bcb43951cbd853f59,Unknown,5.89,2.94,Pantry,1.0,1.0,1.0,0.0,0.0,0.0
6968a886ec5bd6df663bd843,Gerber Lil' Entrées Mashed Potato & Gravy with Roasted Chicken & Carrots Baby Food (187 g),67bdc806855e4112ad907797,Unknown,3.69,1.84,Baby,2.0,2.0,,0.0,,
696b3c4ee4d68b246f0e4639,Chef Boyardee ABC123 Pasta in Tomato Sauce (425 g),65e8f30bcb43951cbd853f59,Unknown,2.69,1.34,Pantry,1.0,1.0,1.0,0.0,0.0,0.0
696de627f3eeb6c636b06463,Gits Sambhar Mix (100 g),65e8f30bcb43951cbd853f59,Unknown,2.39,1.19,Pantry,1.0,1.0,1.0,0.0,0.0,0.0
696f38c1f3eeb6c636cde93a,Gerber Meals Cheese Ravioli in Tomato Sauce with Mixed Vegetables Baby Food (187 g),65e8f30bcb43951cbd853f59,Unknown,3.69,1.84,Baby,8.0,8.0,8.0,0.0,0.0,0.0
696f3e28f3eeb6c636cdf9e4,Gerber Meals Cheese Ravioli in Tomato Sauce with Mixed Vegetables Baby Food (187 g),67bdc806855e4112ad907797,Unknown,3.69,1.84,Baby,6.0,6.0,4.0,0.0,2.0,2.0
69714698a0eb91f622f82d6c,Whisky Kiss Almonds,691b59a5669ef62168a65bdb,Unknown,3.5,2.0,Nuts & Snacks,36.0,36.0,36.0,0.0,0.0,0.0
697146fbe2f09d0b9327b973,Salted Caramel Cashew,691b59a5669ef62168a65bdb,Unknown,3.5,2.0,Nuts & Snacks,25.0,25.0,25.0,0.0,0.0,0.0
6971473140e632216a673804,Butter Toffee Almonds,691b59a5669ef62168a65bdb,Unknown,3.5,2.0,Nuts & Snacks,22.0,22.0,22.0,0.0,0.0,0.0
6971479b40e632216a6747a2,Durian Choco Dipped Almonds,691b59a5669ef62168a65bdb,Unknown,4.5,3.5,Nuts & Snacks,17.0,17.0,17.0,0.0,0.0,0.0
697147e9077af9138bbd2b71,Strawberry Choco Dipped Almonds,691b59a5669ef62168a65bdb,Unknown,4.5,3.5,Nuts & Snacks,16.0,16.0,16.0,0.0,0.0,0.0
6971481f077af9138bbd30d3,Matcha Choco Dipped Almonds,691b59a5669ef62168a65bdb,Unknown,4.5,3.5,Nuts & Snacks,15.0,15.0,14.0,0.0,1.0,1.0
6971485c9f875680704e4823,Yogurt Almonds,691b59a5669ef62168a65bdb,Unknown,4.5,2.25,Nuts & Snacks,2.0,2.0,2.0,0.0,0.0,0.0
697148999f875680704e521a,Choco Salted Caramel Cashews,691b59a5669ef62168a65bdb,Unknown,4.5,3.5,Nuts & Snacks,15.0,15.0,15.0,0.0,0.0,0.0
6971dd5fcf5c56b4f1afbd3a,SmartSweets Jolly Gems Assorted Flavour Hard Candy (70 g),65e8f30bcb43951cbd853f59,Unknown,9.99,4.99,Candy,2.0,2.0,2.0,0.0,0.0,0.0
6971ddb8cf5c56b4f1afbe84,Jennyhouse Salon Code Glam Hair Color Glam Black Hair Dye (70 ml x 2 ct),65e8f30bcb43951cbd853f59,Unknown,17.99,8.99,Beauty,1.0,1.0,1.0,0.0,0.0,0.0
69732c3e4bb7d7af11a91f93,Gatorade Orange Powder Packets (10 ct),65e8f30bcb43951cbd853f59,Unknown,9.59,4.79,Vitamins&Supplements,2.0,2.0,2.0,0.0,0.0,0.0
697330594e0f1abfea691014,Pearl Milling Company Lite Syrup (710 ml),67bdc806855e4112ad907797,Unknown,5.29,2.64,Pantry,1.0,1.0,1.0,0.0,0.0,0.0
697515eee4fe4341353ac7de,Frozen Bananas,5d0bd76b8894a4ebbfd7048a,Unknown,0.0,1.0,Produce,2.0,2.0,2.0,0.0,0.0,0.0
6975ce314e0f1abfea9c5cc8,Heinz Sriracha Mayonnaise,67bdc806855e4112ad907797,Unknown,4.99,2.49,Pantry,2.0,2.0,2.0,0.0,0.0,0.0
6976ba764bb7d7af11f788f7,New World Almond Butter Crunchy Roasted 500g,67ffcc6581edee2219c54e94,Unknown,14.99,9.99,Grocery,46.0,46.0,46.0,0.0,0.0,0.0
6976bb2dcf5c56b4f1144310,Bestropics Coconut Smoothie 355ml,67ffcc6581edee2219c54e94,Unknown,3.49,1.99,Beverages,49.0,49.0,49.0,0.0,0.0,0.0
6976bbec7717e37fa681e259,Karma Sparkling Watermelon Hydration Drink 285ml,67ffcc6581edee2219c54e94,Unknown,3.99,1.99,Beverages,26.0,26.0,26.0,0.0,0.0,0.0
6976bc9ccf5c56b4f114614f,Karma Sparkling Grape Hydration Drink 285ml,67ffcc6581edee2219c54e94,Unknown,3.99,1.99,Beverages,25.0,25.0,25.0,0.0,0.0,0.0
6976bce23695546c5d4594c5,Karma Apple Soda 285ml,67ffcc6581edee2219c54e94,Unknown,3.99,1.99,Beverages,25.0,25.0,25.0,0.0,0.0,0.0
6976bd304e0f1abfeaaeefcf,Karma Berry Soda 285ml,67ffcc6581edee2219c54e94,Unknown,3.99,1.99,Beverages,29.0,29.0,29.0,0.0,0.0,0.0
69771ab14e0f1abfeab3331f,Gerber Lil' Entrées Mac & Cheese with Peas & Carrots Baby Food (187 g),65e8f30bcb43951cbd853f59,Unknown,4.49,2.24,Baby,8.0,8.0,8.0,0.0,0.0,0.0
697723d0cf5c56b4f11902fb,Gerber Meals Mac & Cheese with Peas & Carrots Baby Food (187 g),67bdc806855e4112ad907797,Unknown,4.49,2.24,Baby,7.0,7.0,7.0,0.0,0.0,0.0
697877287717e37fa6a37ac5,Quaker Carrot Muffin Mix (900 g),65e8f30bcb43951cbd853f59,Unknown,5.07,2.53,Pantry,7.0,7.0,7.0,0.0,0.0,0.0
697879cc3695546c5d633170,Quaker Carrot Muffin Mix (900 g),67bdc806855e4112ad907797,Unknown,5.07,2.53,Pantry,9.0,9.0,9.0,0.0,0.0,0.0
6979bddc4e0f1abfeae5589b,Gatorade Zero Glacier Cherry Powder Packets (10 ct),65e8f30bcb43951cbd853f59,Unknown,9.99,4.99,Drinks,5.0,5.0,5.0,0.0,0.0,0.0
697b0a40e41ad7f03835403a,Schneider's Juicy Jumbo Three Cheese Jalapeno Loaded Wieners (375 g),65e8f30bcb43951cbd853f59,Unknown,11.39,5.69,Meat & Fish,4.0,4.0,4.0,0.0,0.0,0.0
697b101b07574c87e30b2880,Knorr Beef Bouillon Cubes (63 g),65e8f30bcb43951cbd853f59,Unknown,3.99,1.99,Pantry,20.0,20.0,20.0,0.0,0.0,0.0
697b1070f9dbb16ff2ffa653,Knorr Mexican Beef Bouillon Cubes (63 g),65e8f30bcb43951cbd853f59,Unknown,2.77,1.39,Pantry,21.0,21.0,21.0,0.0,0.0,0.0
697b115fcf0decd78831b8f8,Super Q Golden Bihon Cornstarch Sticks (454 g),65e8f30bcb43951cbd853f59,Unknown,2.69,1.34,Pantry,4.0,4.0,4.0,0.0,0.0,0.0
697b1262f9dbb16ff2ffaf5a,Betty Crocker Walnut Banana Bread Mix (348 g),65e8f30bcb43951cbd853f59,Unknown,4.69,2.34,Pantry,5.0,5.0,5.0,0.0,0.0,0.0
697b12c9f9dbb16ff2ffb1d4,Heinz Mango Habanero Mayo,65e8f30bcb43951cbd853f59,Unknown,4.0,2.0,Pantry,1.0,1.0,1.0,0.0,0.0,0.0
697b1a42cf0decd78831d942,Knorr Beef Bouillon Cubes (63 g),67bdc806855e4112ad907797,Unknown,3.99,1.99,Pantry,16.0,16.0,16.0,0.0,0.0,0.0
697b1c53cf0decd78831de09,Betty Crocker Walnut Banana Bread Mix (348 g),67bdc806855e4112ad907797,Unknown,4.69,2.34,Pantry,6.0,6.0,6.0,0.0,0.0,0.0
697b1c53e41ad7f038357be5,Knorr Mexican Beef Bouillon Cubes (63 g),67bdc806855e4112ad907797,Unknown,2.77,1.38,Pantry,13.0,13.0,13.0,0.0,0.0,0.0
697b1c5be41ad7f038357c14,Heinz Mayonnaise Style Mango Habanero Sauce,67bdc806855e4112ad907797,Unknown,4.99,2.5,Pantry,9.0,9.0,9.0,0.0,0.0,0.0
697c6b5e9a94d1f5707d5618,Hershey's Fudge Brownie ,67bdc806855e4112ad907797,Unknown,3.79,1.89,Candy,2.0,2.0,2.0,0.0,0.0,0.0
697c6bee2144d4a53d58fe1d,Honibe Immune Boost Honey Lozenges (10 ct),67bdc806855e4112ad907797,Unknown,5.89,2.94,Medicine,3.0,3.0,3.0,0.0,0.0,0.0
697c6c27b18d7c28790198a9,Children's Motrin Fever & Pain Relief Dye-Free Berry Oral Suspension (120 ml),67bdc806855e4112ad907797,Unknown,11.99,5.99,Medicine,1.0,1.0,1.0,0.0,0.0,0.0
697c6c34b18d7c28790198c2,Emergen-C Immune Support Strawberry Crystals (24 ct),67bdc806855e4112ad907797,Unknown,20.89,10.44,Vitamins&Supplements,1.0,1.0,1.0,0.0,0.0,0.0
697c6cc02144d4a53d590063,Imodium Complete Caplets (20 ct),67bdc806855e4112ad907797,Unknown,33.49,16.74,Medicine,6.0,6.0,6.0,0.0,0.0,0.0
697c6ced99d3c5ddb47f96c2,Blistex Deep Moisture Renewal Broad Spectrum SPF 15 Lip Protectant (1 ct),67bdc806855e4112ad907797,Unknown,6.39,3.19,Beauty,3.0,3.0,3.0,0.0,0.0,0.0
697c6d3e99d3c5ddb47f9800,Purina One +Plus Healthy Puppy Lamb Dry Puppy Food (1.81 kg),67bdc806855e4112ad907797,Unknown,15.59,7.79,Pet Care,2.0,2.0,2.0,0.0,0.0,0.0
697c6d5c99d3c5ddb47f9886,Purina Dog Chow Complete Adult Dry Dog Food (8 kg),67bdc806855e4112ad907797,Unknown,28.59,14.29,Pet Care,1.0,1.0,1.0,0.0,0.0,0.0
697d3bf2d96ad3ac17016eb7,Honibe Immune Boost Honey Lozenges (10 ct),65e8f30bcb43951cbd853f59,Unknown,5.89,2.94,Medicine,1.0,1.0,1.0,0.0,0.0,0.0
697d3c47719e3aa44e7ea49d,Old Spice Sweat Defense Stronger Swagger Dry Spray Antiperspirant (122 g),65e8f30bcb43951cbd853f59,Unknown,12.49,6.24,Personal Care,1.0,1.0,1.0,0.0,0.0,0.0
697d3cadd96ad3ac17018653,Gaviscon Max Relief Berry Blend Acid Reflux & Heartburn Relief Tablets (50 ct),65e8f30bcb43951cbd853f59,Unknown,20.89,10.44,Medicine,1.0,1.0,1.0,0.0,0.0,0.0
697d3cf47d3c1497a47220a9,Gerber Mealtime Beef & Veggies Purée (160 ml),65e8f30bcb43951cbd853f59,Unknown,2.99,1.49,Baby,2.0,2.0,2.0,0.0,0.0,0.0
697d3dbabcbf3ae52d1f0219,Blistex Complete Moisture Lip Balm (1 ct),65e8f30bcb43951cbd853f59,Unknown,5.89,2.94,Beauty,151.0,151.0,151.0,0.0,0.0,0.0
697db336e9a0a7e95d6182b0,"Alpo Cookout Classics Pork, Beef, Chicken, & Veggie Dog Food (7.2 kg)",65e8f30bcb43951cbd853f59,Unknown,26.29,13.15,Pet Care,1.0,1.0,1.0,0.0,0.0,0.0
697db7f7861645b84c325593,Enfamil A+ Stage 1 Powder Formula Refill (992 g),65e8f30bcb43951cbd853f59,Unknown,75.99,37.99,Baby,2.0,2.0,2.0,0.0,0.0,0.0
697db857ee5a6123d4c57e5c,Durex Play 2-in-1 Ylang Ylang Massage Lubricant (200 ml),65e8f30bcb43951cbd853f59,Unknown,19.99,9.99,Personal Care,4.0,4.0,4.0,0.0,0.0,0.0
697dbe12865b08757797f640,Gatorade Zero Grape Powder Packets (10 ct),67bdc806855e4112ad907797,Unknown,9.59,4.79,Vitamins&Supplements,4.0,4.0,4.0,0.0,0.0,0.0
697f0327d0ddd9320aafc592,Taco Bell Creamy Baja Sauce (354 ml),65e8f30bcb43951cbd853f59,Unknown,5.79,2.89,Pantry,6.0,6.0,6.0,0.0,0.0,0.0
697f033b865b087577b24cf7,Kraft French Dressing (425 ml),65e8f30bcb43951cbd853f59,Unknown,4.49,2.24,Pantry,8.0,8.0,8.0,0.0,0.0,0.0
697f0b2ee9a0a7e95d7f4110,Kraft French Dressing (425 ml),67bdc806855e4112ad907797,Unknown,4.49,2.24,Pantry,8.0,8.0,8.0,0.0,0.0,0.0
697f0c63e9a0a7e95d7f4814,Taco Bell Creamy Baja Sauce (354 ml),67bdc806855e4112ad907797,Unknown,5.79,2.89,Pantry,3.0,3.0,3.0,0.0,0.0,0.0
69805b13e9a0a7e95d9b5888,Taco Bell Crunch Wrap Supreme Cravings Kit(642 g),65e8f30bcb43951cbd853f59,Unknown,9.99,4.99,Pantry,3.0,3.0,3.0,0.0,0.0,0.0
69805b7e865b087577cb4385,Old El Paso Smart Fiesta Taco Seasoning Mix (24 g),65e8f30bcb43951cbd853f59,Unknown,1.89,0.94,Pantry,5.0,5.0,5.0,0.0,0.0,0.0
69805ba4865b087577cb4402,Kraft Stove Top Lower Sodium Chicken Stuffing Mix (120 g),65e8f30bcb43951cbd853f59,Unknown,2.89,1.44,Pantry,1.0,1.0,1.0,0.0,0.0,0.0
69806277d0ddd9320ac86a29,Taco Bell Crunchwrap Supreme Cravings Kit (642 g),67bdc806855e4112ad907797,Unknown,9.99,4.99,Pantry,2.0,2.0,2.0,0.0,0.0,0.0
6981b06c865b087577e6a294,Kraft Calorie-Wise Catalina Dressing (425 ml),65e8f30bcb43951cbd853f59,Unknown,4.49,2.24,Pantry,9.0,9.0,9.0,0.0,0.0,0.0
6981b0a5d0ddd9320ae3b5f4,Carnaby Sweet Sour Watermelon Syrup (428 ml),65e8f30bcb43951cbd853f59,Unknown,5.49,2.74,Pantry,11.0,11.0,11.0,0.0,0.0,0.0
6981b13fd0ddd9320ae3b689,Greetalia Honey Dill Sauce (500ml),65e8f30bcb43951cbd853f59,Unknown,4.7,2.35,Easy Meals,6.0,6.0,6.0,0.0,0.0,0.0
6981b184865b087577e6a5df,Kraft Stove Top Lower Sodium Chicken Stuffing Mix (120 g),65e8f30bcb43951cbd853f59,Unknown,2.89,1.44,Pantry,6.0,6.0,6.0,0.0,0.0,0.0
6981b348861645b84c82754e,Mama Sita's Tocino Marinating Mix (75 g),67bdc806855e4112ad907797,Unknown,1.89,0.94,Pantry,15.0,15.0,15.0,0.0,0.0,0.0
6981b348ee5a6123d41bf74e,Carnaby Sweet Sour Watermelon Syrup (428 ml),67bdc806855e4112ad907797,Unknown,5.49,2.74,Pantry,11.0,11.0,11.0,0.0,0.0,0.0
6981b351ee5a6123d41bf76f,Greetalia Honey Dill sauce,67bdc806855e4112ad907797,Unknown,4.99,2.5,Pantry,4.0,4.0,3.0,0.0,1.0,1.0
6981b3e1861645b84c827709,Taco Bell Crunchy Taco Cravings Kit (260 g),67bdc806855e4112ad907797,Unknown,5.79,2.89,Pantry,3.0,3.0,3.0,0.0,0.0,0.0
6982f85b861645b84c9e0c87,Carnaby Sweet Cotton Candy Syrup (428 ml),65e8f30bcb43951cbd853f59,Unknown,5.49,2.74,Pantry,6.0,6.0,6.0,0.0,0.0,0.0
6982f9e4861645b84c9e1169,Old Dutch Gourmet Seasoned Pretzel Spindles (250 g),65e8f30bcb43951cbd853f59,Unknown,5.49,2.74,Snacks,7.0,7.0,7.0,0.0,0.0,0.0
6982fcea861645b84c9e1ba9,Carnaby Sweet Cotton Candy Syrup (428 ml),65e8f30bcb43951cbd853f59,Unknown,5.49,2.74,Pantry,6.0,6.0,6.0,0.0,0.0,0.0
6982fcfb861645b84c9e1bfd,Gatorade Zero Lemon-Lime Powder Packets (10 ct),65e8f30bcb43951cbd853f59,Unknown,9.99,4.99,Drinks,8.0,8.0,8.0,0.0,0.0,0.0
698301c3d0ddd9320afee0ef,Gatorade Zero Lemon-Lime Powder Packets (10 ct),67bdc806855e4112ad907797,Unknown,9.99,4.99,Drinks,2.0,2.0,2.0,0.0,0.0,0.0
698301c4865b08757701d107,Carnaby Sweet Cotton Candy Syrup (428 ml),67bdc806855e4112ad907797,Unknown,5.49,2.74,Pantry,10.0,10.0,10.0,0.0,0.0,0.0
698301c4d0ddd9320afee0fc,Dare Bear Paws Banana Bread Cookies (240 g),67bdc806855e4112ad907797,Unknown,4.49,2.24,Snacks,2.0,2.0,2.0,0.0,0.0,0.0
6984486b861645b84cbaf00d,Mama Sita's Caldereta Spicy Sauce Mix (50 g),65e8f30bcb43951cbd853f59,Unknown,1.89,0.94,Pantry,23.0,23.0,23.0,0.0,0.0,0.0
698448a5d0ddd9320a1a6514,Knorr Zero Salt Roasted Garlic Bouillon Powder (160 g),65e8f30bcb43951cbd853f59,Unknown,9.29,4.64,Pantry,10.0,9.0,9.0,1.0,0.0,1.0
69844ab4861645b84cbaf8ef,Sempio Korean BBQ Bulgogi Marinade Sauce (900 g),65e8f30bcb43951cbd853f59,Unknown,7.99,3.99,Pantry,4.0,4.0,4.0,0.0,0.0,0.0
69845853865b0875771df311,Heinz Tartar Sauce (354 ml),67bdc806855e4112ad907797,Unknown,5.89,2.94,Pantry,1.0,1.0,1.0,0.0,0.0,0.0
69845853e9a0a7e95df67630,Kraft Calorie-Wise Catalina Dressing (425 ml),67bdc806855e4112ad907797,Unknown,4.49,2.24,Pantry,9.0,9.0,9.0,0.0,0.0,0.0
69845853e9a0a7e95df6763d,Knorr Zero Salt Roasted Garlic Bouillon Powder (160 g),67bdc806855e4112ad907797,Unknown,9.29,4.64,Pantry,7.0,7.0,7.0,0.0,0.0,0.0
6984d7afee5a6123d46250de,Mixed Frozen Pastry  3 Pc,67e6b1577b5f59b1bba8c7c4,Unknown,20.0,5.0,Pizza Dough,4.0,4.0,4.0,0.0,0.0,0.0
6984d853e9a0a7e95dffd353,2 Pizza Dough FRESH,67e6b1577b5f59b1bba8c7c4,Unknown,12.0,4.99,Pizza Dough,9.0,9.0,9.0,0.0,0.0,0.0
6984d8d7ee5a6123d4628adf,1 Mixed Artisan Frozen,67e6b1577b5f59b1bba8c7c4,Unknown,6.99,2.0,Sourdough,4.0,4.0,4.0,0.0,0.0,0.0
6984d96dee5a6123d462a3da,"250 Ml Soup ,1 Loaf Bread  , Croissant",67e6b1577b5f59b1bba8c7c4,Unknown,18.0,9.0,Pizza Dough,8.0,8.0,8.0,0.0,0.0,0.0
698598b5861645b84cd7157b,Breton Bites Pizza Crackers (180 g),65e8f30bcb43951cbd853f59,Unknown,4.29,2.14,Snacks,8.0,8.0,6.0,0.0,2.0,2.0
6985991c865b08757739c1c8,Taco Bell Mild Taco Seasoning Mix (28 g),65e8f30bcb43951cbd853f59,Unknown,1.79,0.89,Pantry,8.0,8.0,8.0,0.0,0.0,0.0
6985992fd0ddd9320a36731d,PAM No-Stick Air Fryer Cooking Spray (141 g),65e8f30bcb43951cbd853f59,Unknown,7.29,3.64,Pantry,10.0,10.0,10.0,0.0,0.0,0.0
69859c26ee5a6123d4782428,Kraft Zesty Italian Dressing (425 ml),65e8f30bcb43951cbd853f59,Unknown,4.49,2.24,Pantry,4.0,4.0,4.0,0.0,0.0,0.0
69859fe3e9a0a7e95d158c88,PAM No-Stick Air Fryer Cooking Spray (141 g),67bdc806855e4112ad907797,Unknown,7.29,3.64,Pantry,9.0,9.0,9.0,0.0,0.0,0.0
6985a013e9a0a7e95d158d0f,Knorr Zero Salt Beef Bouillon Powder (160 g),67bdc806855e4112ad907797,Unknown,9.29,4.64,Pantry,9.0,9.0,9.0,0.0,0.0,0.0
6985a050d0ddd9320a3692bb,Taco Bell Mild Taco Seasoning Mix (28 g),67bdc806855e4112ad907797,Unknown,1.79,0.89,Pantry,7.0,7.0,7.0,0.0,0.0,0.0
698650b7cdf3ac47e4cf2fe7,top dogs,5fac3e04d7528a3c966b13a4,Unknown,5.99,2.99,Meat,8.0,8.0,7.0,0.0,1.0,1.0
6986e8e860a3aaa497e27c54,Knorr Poudre de bouillon de bœuf sans sel / Zero Salt Beef Bouillon Powder (160 g),65e8f30bcb43951cbd853f59,Unknown,9.29,4.64,Pantry,11.0,11.0,11.0,0.0,0.0,0.0
6986e94260a3aaa497e27dc7,Milk Bone Soft & Chewy Steak & Cheese Dog Treats (113 g),65e8f30bcb43951cbd853f59,Unknown,3.29,1.64,Pet Care,3.0,3.0,3.0,0.0,0.0,0.0
6986fbc760a3aaa497e2cad6,Amooza Mozzarella Cheese Sticks (228 g),67bdc806855e4112ad907797,Unknown,8.99,4.49,Dairy & Eggs,2.0,2.0,,0.0,,
698706db38ce139b25c98773,Quaker Carrot Muffin Mix (900 g),65e8f30bcb43951cbd853f59,Unknown,5.07,2.53,Pantry,2.0,2.0,2.0,0.0,0.0,0.0
698844d060a3aaa4970119e9,Snyder's of Hanover Twisted Nacho Cheese Pretzel Sticks (340 g),65e8f30bcb43951cbd853f59,Unknown,6.09,3.04,Snacks,9.0,9.0,9.0,0.0,0.0,0.0
6988480a631683bc34617df2,Snyder's of Hanover Twisted Nacho Cheese Pretzel Sticks (340 g),67bdc806855e4112ad907797,Unknown,6.09,3.04,Snacks,2.0,2.0,2.0,0.0,0.0,0.0
6988481d10bcc88893304cdf,Terra Sour Cream & Onion Vegetable Chips (141 g),67bdc806855e4112ad907797,Unknown,6.49,3.24,Snacks,8.0,8.0,8.0,0.0,0.0,0.0
6988cc0de5de2b13bb379e88,ahi yellow fin tuna,5d0bd76c8894a4ebbfd704b8,Unknown,7.91,3.95,Seafood,,,1.0,,,
6988d7c100585416b95429e4,From Our Chef Oven Roasted Ham 900gr,5d0bd76c8894a4ebbfd704b8,Unknown,40.0,18.0,HMR,5.0,5.0,5.0,0.0,0.0,0.0
6988ffede5de2b13bb4746be,candy cane cake poppers,5ddef30c9af4e045c44b9d67,Unknown,6.5,3.25,Bakery,3.0,3.0,3.0,0.0,0.0,0.0
6989922a631683bc347995c6,Ritz Cheddar Flavoured Cheese Nibs (180 g),65e8f30bcb43951cbd853f59,Unknown,4.69,2.34,Snacks,1.0,1.0,,0.0,,
6989925138ce139b25038e07,Club House La Grille Spicy Montreal Steak Spice Seasoning (157 g),65e8f30bcb43951cbd853f59,Unknown,7.59,3.79,Pantry,3.0,3.0,3.0,0.0,0.0,0.0
698999fb10bcc88893489f3b,Renee's Greek Feta Dressing (355 ml),67bdc806855e4112ad907797,Unknown,7.49,3.74,Pantry,4.0,4.0,4.0,0.0,0.0,0.0
698999fb60a3aaa4971b5d1d,Pedigree DentaStix Medium Original Flavour Dog Treats (608 g),67bdc806855e4112ad907797,Unknown,13.29,6.64,Pet Care,1.0,1.0,,0.0,,
698a1dd4b6083324ab2bd08d,Organic Cream 10%,5fac3e04d7528a3c966b13a4,Unknown,3.99,1.99,Centre of Store,8.0,8.0,8.0,0.0,0.0,0.0
698a3e5c38ce139b25121731,iceberg lettuce,65a1a8282f4530e32514d6c3,Unknown,4.99,2.5,Produce,6.0,6.0,6.0,0.0,0.0,0.0
698a6de210bcc888935c3465,Dark Choco Gingers,691b59a5669ef62168a65bdb,Unknown,4.5,3.0,Nuts & Snacks,12.0,12.0,12.0,0.0,0.0,0.0
698a6e5d60a3aaa49730527e,Truffle Pistachios,691b59a5669ef62168a65bdb,Unknown,13.5,8.5,Nuts & Snacks,3.0,3.0,1.0,0.0,2.0,2.0
698a6ef0631683bc348cb934,Super Mac Nut Mix,691b59a5669ef62168a65bdb,Unknown,20.0,14.0,Nuts & Snacks,5.0,5.0,2.0,0.0,3.0,3.0
698a6f4260a3aaa497307211,Fancy Nut Mix,691b59a5669ef62168a65bdb,Unknown,15.0,11.0,Nuts & Snacks,5.0,5.0,3.0,0.0,2.0,2.0
698a6fc110bcc888935c6c25,Inshell Peanuts Salted,691b59a5669ef62168a65bdb,Unknown,4.0,2.5,Nuts & Snacks,7.0,7.0,7.0,0.0,0.0,0.0
698a6ff038ce139b2519890e,Inshell Peanuts Unsalted,691b59a5669ef62168a65bdb,Unknown,4.0,2.0,Nuts & Snacks,4.0,4.0,4.0,0.0,0.0,0.0
698ae5e410bcc8889364014d,Dairyland chocolate milk 946ml,65e8f30bcb43951cbd853f59,Unknown,3.0,1.5,Dairy & Eggs,3.0,3.0,3.0,0.0,0.0,0.0
698ae7ea10bcc888936407e6,Pillsbury Reese's Peanut Butter Cookie Dough (454 g),65e8f30bcb43951cbd853f59,Unknown,5.69,2.84,Bakery,4.0,4.0,4.0,0.0,0.0,0.0
698ae7fe38ce139b2521c690,The Laughing Cow Original Cheese Dippers with Whole Grain Breadsticks (140 g),65e8f30bcb43951cbd853f59,Unknown,4.39,2.19,Dairy & Eggs,3.0,3.0,3.0,0.0,0.0,0.0
698ae850631683bc34942ba3,Liberte 5% Raspberry Greek Yogurt (100 g x 4 ct),65e8f30bcb43951cbd853f59,Unknown,5.39,2.69,Dairy & Eggs,1.0,1.0,1.0,0.0,0.0,0.0
698aeb0010bcc88893640f1e,Dairyland 33% Whipping Cream Carton (946 ml),67bdc806855e4112ad907797,Unknown,7.69,3.84,Dairy & Eggs,8.0,5.0,5.0,3.0,0.0,3.0
698aeee410bcc888936418e6,Goldfish Crisps Salt & Vinegar Baked Crackers (177 g),65e8f30bcb43951cbd853f59,Unknown,3.17,1.58,Snacks,3.0,3.0,3.0,0.0,0.0,0.0
698b473efb240c94378ad05c,Macaroni Salad,5d0bd76b8894a4ebbfd7048a,Unknown,7.49,3.74,HMR,3.0,3.0,3.0,0.0,0.0,0.0
698b682d988f28c4ca97865c,Mixed Produce Box #50,5d0bd76b8894a4ebbfd7048a,Unknown,5.0,5.0,Produce,1.0,,,,,
698b6845e5de2b13bbb5d573,Mixed Produce Box #51,5d0bd76b8894a4ebbfd7048a,Unknown,5.0,5.0,Produce,1.0,,,,,
698b685b988f28c4ca979701,Mixed Produce Box #60,5d0bd76b8894a4ebbfd7048a,Unknown,5.0,5.0,Produce,1.0,,,,,
698b68c089dc00ce48f93c00,Mixed Produce Box #68,5d0bd76b8894a4ebbfd7048a,Unknown,5.0,5.0,Produce,1.0,,,,,
698b6940b6083324ab7bea85,Mixed Produce Box #70,5d0bd76b8894a4ebbfd7048a,Unknown,5.0,5.0,Produce,1.0,,,,,
698b6c9a89dc00ce48fabf9b,Free From Smoked Black Forest Ham,5d0bd76b8894a4ebbfd7048a,Unknown,8.5,4.25,Deli & Ready Meals,6.0,6.0,6.0,0.0,0.0,0.0
698b78e53b056c06dedc4320,FROZEN berries,5d0bd76b8894a4ebbfd7048a,Unknown,0.0,3.0,Produce,4.0,4.0,4.0,0.0,0.0,0.0
698b78f6e9be5bffd2e5c343,Frozen Bananas,5d0bd76b8894a4ebbfd7048a,Unknown,0.0,1.5,Produce,1.0,1.0,1.0,0.0,0.0,0.0
698b796a3887249b9e110706,Boost Protein Drink 20g Protein 237ml,69379713a3687e3a3db2d8bc,Unknown,3.99,1.5,Grocery,4.0,,,,,
698b7b74e9be5bffd2e6d38c,Mixed Produce Box #150,5d0bd76c8894a4ebbfd704b8,Unknown,5.0,5.0,Produce,1.0,1.0,,0.0,,
698b7b8bc4a187cb6c0ae332,Mixed Produce Box #152,5d0bd76c8894a4ebbfd704b8,Unknown,5.0,5.0,Produce,1.0,1.0,1.0,0.0,0.0,0.0
698b7bb7ff05ab02e94795cd,Mixed Produce Box #153,5d0bd76c8894a4ebbfd704b8,Unknown,5.0,5.0,Produce,1.0,1.0,1.0,0.0,0.0,0.0
698b7bc6e9be5bffd2e6e3fc,Mixed Produce Box #154,5d0bd76c8894a4ebbfd704b8,Unknown,5.0,5.0,Produce,1.0,,,,,
698b7bd03b056c06dedd209a,Mixed Produce Box #155,5d0bd76c8894a4ebbfd704b8,Unknown,5.0,5.0,Produce,1.0,,,,,
698b7bf5c4a187cb6c0b1407,Mixed Produce Box #157,5d0bd76c8894a4ebbfd704b8,Unknown,5.0,5.0,Produce,1.0,1.0,1.0,0.0,0.0,0.0
698b7c01ff05ab02e947ac99,Mixed Produce Box #158,5d0bd76c8894a4ebbfd704b8,Unknown,5.0,5.0,Produce,1.0,1.0,1.0,0.0,0.0,0.0
698b7c0cc4a187cb6c0b1d39,Mixed Produce Box #159,5d0bd76c8894a4ebbfd704b8,Unknown,5.0,5.0,Produce,1.0,1.0,1.0,0.0,0.0,0.0
698b7c519476de55746df3ae,Mixed Produce Box #161,5d0bd76c8894a4ebbfd704b8,Unknown,5.0,5.0,Produce,1.0,1.0,1.0,0.0,0.0,0.0
698b7c879476de55746e0b7c,Mixed Produce Box #163,5d0bd76c8894a4ebbfd704b8,Unknown,5.0,5.0,Produce,1.0,1.0,1.0,0.0,0.0,0.0
698b7c919476de55746e0fb7,Mixed Produce Box #164,5d0bd76c8894a4ebbfd704b8,Unknown,5.0,5.0,Produce,1.0,1.0,1.0,0.0,0.0,0.0
698b7c9e9476de55746e159a,Mixed Produce Box #165,5d0bd76c8894a4ebbfd704b8,Unknown,5.0,5.0,Produce,1.0,1.0,1.0,0.0,0.0,0.0
698b7d23ff05ab02e948211c,Mixed Produce Box #166,5d0bd76c8894a4ebbfd704b8,Unknown,5.0,5.0,Produce,1.0,1.0,1.0,0.0,0.0,0.0
698b7d303b056c06deddb000,Mixed Produce Box #167,5d0bd76c8894a4ebbfd704b8,Unknown,5.0,5.0,Produce,1.0,1.0,1.0,0.0,0.0,0.0
698b7d919476de55746e6296,Mixed Produce Box #169,5d0bd76c8894a4ebbfd704b8,Unknown,5.0,5.0,Produce,1.0,1.0,1.0,0.0,0.0,0.0
698b7d9c3b056c06deddd08c,Mixed Produce Box #170,5d0bd76c8894a4ebbfd704b8,Unknown,5.0,5.0,Produce,1.0,1.0,1.0,0.0,0.0,0.0
698b7da5c4a187cb6c0bb186,Mixed Produce Box #171,5d0bd76c8894a4ebbfd704b8,Unknown,5.0,5.0,Produce,1.0,1.0,1.0,0.0,0.0,0.0
698b7e3cff05ab02e94882ae,Mixed Produce Box #172,5d0bd76c8894a4ebbfd704b8,Unknown,5.0,5.0,Produce,1.0,,,,,
698b96959476de557476b191,"Dairy-Free Whipping Cream Alternative, Coconut based",5fac3e04d7528a3c966b13a4,Unknown,5.79,2.89,Centre of Store,2.0,2.0,2.0,0.0,0.0,0.0
698b97e7c4a187cb6c15e5d2,"Pepperoni, Sliced",629cec56061cc278a85326dc,Unknown,6.0,3.0,Meat,6.0,6.0,,0.0,,
698b9c403b056c06dee6fa42,Frozen Berries,5ddef30c9af4e045c44b9d67,Unknown,0.0,3.0,Produce,8.0,8.0,8.0,0.0,0.0,0.0
698baab19476de55747d20c8,Free From Original Breakfast Pork Sausages,5fac3e04d7528a3c966b13a4,Unknown,7.5,3.75,"Bacon, Sausages & Hot Dogs",2.0,2.0,2.0,0.0,0.0,0.0
698bb10f5f6e0bbdf058f0b9,Peanuts unsalted 227g,691b59a5669ef62168a65bdb,Unknown,3.5,1.5,Nuts & Snacks,11.0,11.0,11.0,0.0,0.0,0.0
698bf46ee9be5bffd20617bc,assorted bulk  buns 12 pack,5d0bd76c8894a4ebbfd704b8,Unknown,4.0,1.44,Bakery Instore,1.0,,,,,
698bf4a3e9be5bffd2061d46,assorted bulk  hotdog buns 12 pack,5d0bd76c8894a4ebbfd704b8,Unknown,4.0,1.44,Bakery Instore,1.0,1.0,1.0,0.0,0.0,0.0
698c13099476de55748e2437,Mixed Produce Box #106,5d0bd76b8894a4ebbfd7048a,Unknown,5.0,5.0,Produce,1.0,1.0,1.0,0.0,0.0,0.0
698c1336ff05ab02e96981df,Mixed Produce Box #105,5d0bd76b8894a4ebbfd7048a,Unknown,5.0,5.0,Produce,1.0,1.0,1.0,0.0,0.0,0.0
698c13649476de55748e26c0,Mixed Produce Box #91,5d0bd76b8894a4ebbfd7048a,Unknown,5.0,5.0,Produce,1.0,1.0,1.0,0.0,0.0,0.0
698c13af3b056c06defc3b93,Mixed Produce Box #64,5d0bd76b8894a4ebbfd7048a,Unknown,5.0,5.0,Produce,1.0,1.0,1.0,0.0,0.0,0.0
698c13c0ff05ab02e9698914,Mixed Produce Box #94,5d0bd76b8894a4ebbfd7048a,Unknown,5.0,5.0,Produce,1.0,1.0,1.0,0.0,0.0,0.0
698c16bcc4a187cb6c30002a,Mixed Produce Box #61,5d0bd76b8894a4ebbfd7048a,Unknown,5.0,5.0,Produce,1.0,1.0,1.0,0.0,0.0,0.0
698c2ea85f6e0bbdf062e31a,WAKEMAKE Water Glow Coating Foundation #23 Beige (30 ml),65e8f30bcb43951cbd853f59,Unknown,39.99,19.99,Beauty,3.0,3.0,3.0,0.0,0.0,0.0
698c2ebb9f2f71d05bf4ad3e,Grace Peanut Punch,65e8f30bcb43951cbd853f59,Unknown,1.59,0.79,Pantry,2.0,2.0,2.0,0.0,0.0,0.0
698c2f0d730afb77e7253193,Little Sheep Plain Hot Pot Soup Base (130 g),65e8f30bcb43951cbd853f59,Unknown,6.39,3.19,Pantry,14.0,14.0,14.0,0.0,0.0,0.0
698c3f25730afb77e72565ec,WAKEMAKE Water Glow Coating Foundation #23 Beige (30 ml),67bdc806855e4112ad907797,Unknown,39.99,19.99,Beauty,2.0,2.0,2.0,0.0,0.0,0.0
698c3f259f2f71d05bf4ddb7,"""Balady Bread 7"""" Whole Wheat Pita (300 g)""",67bdc806855e4112ad907797,Unknown,2.99,1.49,Bakery,2.0,2.0,2.0,0.0,0.0,0.0
698c3f25cef1e3f1e10f49af,Little Sheep Plain Hot Pot Soup Base (130 g),67bdc806855e4112ad907797,Unknown,6.39,3.19,Pantry,24.0,24.0,21.0,0.0,3.0,3.0
698c3f3d9f2f71d05bf4ddfd,Maynards Original Gummies (150 g),67bdc806855e4112ad907797,Unknown,3.89,1.94,Candy,2.0,2.0,2.0,0.0,0.0,0.0
698c8791e9be5bffd2139636,Mixed Produce Box #55,5d0bd76b8894a4ebbfd7048a,Unknown,5.0,5.0,Produce,1.0,1.0,1.0,0.0,0.0,0.0
698c879e9476de5574992e49,Mixed Produce Box #56,5d0bd76b8894a4ebbfd7048a,Unknown,5.0,5.0,Produce,1.0,1.0,1.0,0.0,0.0,0.0
698c87b1c4a187cb6c3cd41f,Mixed Produce Box #57,5d0bd76b8894a4ebbfd7048a,Unknown,5.0,5.0,Produce,1.0,1.0,1.0,0.0,0.0,0.0
698c87b63b056c06de06f020,Mixed Produce Box #58,5d0bd76b8894a4ebbfd7048a,Unknown,5.0,5.0,Produce,1.0,1.0,1.0,0.0,0.0,0.0
698c87c39476de5574993a37,Mixed Produce Box #59,5d0bd76b8894a4ebbfd7048a,Unknown,5.0,5.0,Produce,1.0,1.0,1.0,0.0,0.0,0.0
698c880f9476de55749954a7,Mixed Produce Box #64,5d0bd76b8894a4ebbfd7048a,Unknown,5.0,5.0,Produce,1.0,1.0,1.0,0.0,0.0,0.0
698cba61ff05ab02e9890455,cheese dippers,5d0bd76b8894a4ebbfd7048a,Unknown,4.79,2.39,Deli,22.0,21.0,21.0,1.0,0.0,1.0
698cba89ff05ab02e98911e2,"Cheese Dippers, Original",5d0bd76b8894a4ebbfd7048a,Unknown,3.5,1.75,Deli,1.0,,,,,
698cc306e9be5bffd22aaacc,Potato & Egg Salad,5d0bd76b8894a4ebbfd7048a,Unknown,7.49,3.74,HMR,2.0,2.0,,0.0,,
698cc3151afe283c4b35d6f9,Macaroni Salad,5d0bd76b8894a4ebbfd7048a,Unknown,7.49,3.74,HMR,3.0,3.0,3.0,0.0,0.0,0.0
698cdee71afe283c4b40a634,Cauliflower Florets,5ddef30c9af4e045c44b9d67,Unknown,5.99,2.99,Fresh Cut Fruits & Vegetables,6.0,6.0,6.0,0.0,0.0,0.0
698ce41c1afe283c4b42acc5,Whole Cremini Mushrooms,65bd257956f2d4f45a3da0e2,Unknown,5.99,2.99,Produce,1.0,1.0,,0.0,,
698cebc51afe283c4b45a5c9,Mixed Produce Box #105,5d0bd76c8894a4ebbfd704b8,Unknown,5.0,5.0,Produce,1.0,1.0,1.0,0.0,0.0,0.0
698cebe09476de5574bd9c2f,Mixed Produce Box #102,5d0bd76c8894a4ebbfd704b8,Unknown,5.0,5.0,Produce,1.0,1.0,1.0,0.0,0.0,0.0
698cec379476de5574bdafd4,Mixed Produce Box #501,5d0bd76c8894a4ebbfd704b8,Unknown,5.0,5.0,Produce,1.0,1.0,1.0,0.0,0.0,0.0
698cec6be9be5bffd238873c,Mixed Produce Box #109,5d0bd76c8894a4ebbfd704b8,Unknown,5.0,5.0,Produce,1.0,1.0,1.0,0.0,0.0,0.0
698cec9f173fcd3e618dc9c4,Mixed Produce Box #77,5d0bd76c8894a4ebbfd704b8,Unknown,5.0,5.0,Produce,1.0,1.0,1.0,0.0,0.0,0.0
698cecb5173fcd3e618dce6a,Mixed Produce Box #60,5d0bd76c8894a4ebbfd704b8,Unknown,5.0,5.0,Produce,1.0,1.0,1.0,0.0,0.0,0.0
698ceccfff05ab02e99a706b,Mixed Produce Box #117,5d0bd76c8894a4ebbfd704b8,Unknown,5.0,5.0,Produce,1.0,1.0,1.0,0.0,0.0,0.0
698ced14e9be5bffd238c76b,Mixed Produce Box #75,5d0bd76c8894a4ebbfd704b8,Unknown,5.0,5.0,Produce,1.0,1.0,1.0,0.0,0.0,0.0
698ced3c9476de5574be035e,Mixed Produce Box #702,5d0bd76c8894a4ebbfd704b8,Unknown,5.0,5.0,Produce,1.0,1.0,1.0,0.0,0.0,0.0
698ced7d9476de5574be1824,Mixed Produce Box #200,5d0bd76c8894a4ebbfd704b8,Unknown,5.0,5.0,Produce,1.0,1.0,1.0,0.0,0.0,0.0
698ced919476de5574be1f09,Mixed Produce Box #503,5d0bd76c8894a4ebbfd704b8,Unknown,5.0,5.0,Produce,1.0,1.0,1.0,0.0,0.0,0.0
698ceda8ff05ab02e99ac14e,Mixed Produce Box #508,5d0bd76c8894a4ebbfd704b8,Unknown,5.0,5.0,Produce,1.0,1.0,1.0,0.0,0.0,0.0
698cf50d1afe283c4b4942d3,dilly dip,5ddef30c9af4e045c44b9d67,Unknown,7.5,2.0,Produce,,7.0,6.0,,1.0,
698cf50d1afe283c4b4942d3,dilly dip,5ddef30c9af4e045c44b9d67,Unknown,7.5,3.0,Produce,7.0,,,,,
698d526a173fcd3e61a318e4,Halal Stewing Beef,629cec56061cc278a85326dc,Unknown,22.35,11.17,Meat,1.0,,,,,
698d52c31afe283c4b5e60e3,Halal Stewing Beef,629cec56061cc278a85326dc,Unknown,26.44,13.22,Meat,1.0,,,,,
698d52dcff05ab02e9b16b6f,pork shoulder blade steak cp,629cec56061cc278a85326dc,Unknown,16.07,8.03,Meat,1.0,1.0,,0.0,,
698d52f31afe283c4b5e6386,pork shoulder blade steak cp,629cec56061cc278a85326dc,Unknown,12.63,6.31,Meat,1.0,1.0,,0.0,,
698d533aff05ab02e9b1723a,pork shoulder blade steak cp,629cec56061cc278a85326dc,Unknown,13.22,6.61,Meat,1.0,1.0,,0.0,,
698d538d9476de5574d376e0,pork rib end chops,629cec56061cc278a85326dc,Unknown,21.52,10.76,Meat,1.0,1.0,,0.0,,
698d539f1afe283c4b5e6e97,pork rib end chops,629cec56061cc278a85326dc,Unknown,21.66,10.83,Meat,1.0,1.0,,0.0,,
698d827e730afb77e742b185,Dairyland 33% Whipping Cream Carton (946 ml),65e8f30bcb43951cbd853f59,Unknown,7.69,3.84,Dairy & Eggs,7.0,7.0,7.0,0.0,0.0,0.0
698d82aa5f6e0bbdf07e9a8a,Suraj 3.25% Dahi Yogurt (750 g),65e8f30bcb43951cbd853f59,Unknown,2.79,1.39,Dairy & Eggs,1.0,1.0,1.0,0.0,0.0,0.0
698d82cacef1e3f1e12b4d85,Amooza Mozzarella Cheddar twists cheese strings  12 units,65e8f30bcb43951cbd853f59,Unknown,8.99,4.49,Dairy & Eggs,1.0,,,,,
698d84993887249b9e43d685,Aquafina + vitamines Strawberry Kiwi / Aquafina + Vitamins Strawberry Kiwi (591 ml),65e8f30bcb43951cbd853f59,Unknown,1.67,0.83,Drinks,11.0,11.0,11.0,0.0,0.0,0.0
698d861f9f2f71d05b103a2e,Taco Bell Mild Sauce (207 ml),65e8f30bcb43951cbd853f59,Unknown,4.29,2.14,Pantry,13.0,13.0,13.0,0.0,0.0,0.0
698d863a9f2f71d05b103a8d,Clif Bar White Chocolate Macadamia (68 g x 10 ct),65e8f30bcb43951cbd853f59,Unknown,22.39,11.19,Snacks,2.0,1.0,1.0,1.0,0.0,1.0
698d8665730afb77e742c197,Surati Bombay Bhel Mix Snacks (341 g),65e8f30bcb43951cbd853f59,Unknown,3.49,1.74,Snacks,7.0,7.0,7.0,0.0,0.0,0.0
698d8a673887249b9e43ec48,Amooza Mozzarella Cheddar Twist Cheese Sticks (228 g),67bdc806855e4112ad907797,Unknown,8.99,4.49,Dairy & Eggs,2.0,2.0,,0.0,,
698d8a673887249b9e43ec54,Yoplait Mango Yogurt tubes,67bdc806855e4112ad907797,Unknown,3.17,1.58,Dairy & Eggs,3.0,3.0,3.0,0.0,0.0,0.0
698d8a67730afb77e742d030,Charlotte's Mini Strawberry Parfait (133 g),67bdc806855e4112ad907797,Unknown,4.29,2.14,Bakery,3.0,3.0,2.0,0.0,1.0,1.0
698d8a679f2f71d05b104813,Smucker's Uncrustables Peanut Butter & Grape Spread Sandwich (58 g),67bdc806855e4112ad907797,Unknown,1.59,0.79,Easy Meals,2.0,2.0,2.0,0.0,0.0,0.0
698d8ffe5f6e0bbdf07ec389,Aero Scoops Double Chocolate Bar (105 g),67bdc806855e4112ad907797,Unknown,3.89,1.94,Candy,1.0,1.0,1.0,0.0,0.0,0.0
698d8ffecef1e3f1e12b7861,Old Dutch Dill Pickle Potato Chips (235 g),67bdc806855e4112ad907797,Unknown,5.29,2.64,Snacks,9.0,9.0,6.0,0.0,3.0,3.0
698dfcd7358acaf0fc993cb4,"Original, Vanilla",5d0bd76b8894a4ebbfd7048a,Unknown,29.99,14.99,Natural Foods,1.0,1.0,1.0,0.0,0.0,0.0
698dfd05358acaf0fc994e97,Bio-K+ Strawberry 6 Pack,5d0bd76b8894a4ebbfd7048a,Unknown,29.99,14.99,Natural Foods,1.0,1.0,1.0,0.0,0.0,0.0
698e0179eae502183762cf3a,Coffee Cream 18% M.F.,5d0bd76b8894a4ebbfd7048a,Unknown,3.62,1.81,Dairy & Eggs,2.0,,,,,
698e01a9eae502183762e156,2% Milk,5d0bd76b8894a4ebbfd7048a,Unknown,1.51,0.75,Dairy and Eggs,9.0,9.0,8.0,0.0,1.0,1.0
698e01c0d7057f02608dce7a,1% Chocolate Milk Beverage,5d0bd76b8894a4ebbfd7048a,Unknown,2.67,1.33,Centre of Store,1.0,,,,,
698e01db7e734fd1240509e0,Skim Milk 0%,5d0bd76b8894a4ebbfd7048a,Unknown,2.95,1.47,Dairy & Eggs,3.0,3.0,3.0,0.0,0.0,0.0
698e081c9bcb5948f0f240cf,Free From Split Turkey Wings,5fac3e04d7528a3c966b13a4,Unknown,7.22,3.61,"Legs, Drumsticks & Wings",1.0,,,,,
698e084b9bcb5948f0f256e5,Sirloin tip steak,5fac3e04d7528a3c966b13a4,Unknown,20.48,10.24,Beef,1.0,1.0,,0.0,,
698e0894eae502183765c29a,Beef Top Sirloin Steak,5fac3e04d7528a3c966b13a4,Unknown,17.75,8.87,Beef,1.0,1.0,,0.0,,
698e08ce9bcb5948f0f28e87,Free From Split Turkey Wings,5fac3e04d7528a3c966b13a4,Unknown,6.82,3.41,"Legs, Drumsticks & Wings",1.0,,,,,
698e08e07e734fd124080669,Halal Stewing Beef,5fac3e04d7528a3c966b13a4,Unknown,20.37,10.18,Meat,1.0,,,,,
698e0914d7057f02608fde75,Flavored Ground Coffee The Original Irish Cream,5d0bd76c8894a4ebbfd704b8,Unknown,16.99,8.49,Centre of Store,4.0,4.0,4.0,0.0,0.0,0.0
698e11efaecda2a8af68167f,"Instore Baked Berry Burst Strudels, 6 pack",5d0bd76c8894a4ebbfd704b8,Unknown,6.0,3.0,Bakery,5.0,4.0,3.0,1.0,1.0,2.0
698e1205c16c2d12ccb2d9e3,Croissant Cheese Mini 20pk,5d0bd76c8894a4ebbfd704b8,Unknown,7.0,3.5,Bakery,1.0,,,,,
698e121ac16c2d12ccb2e28a,"Instore Baked Maple Pecan Danishes, 4 pack",5d0bd76c8894a4ebbfd704b8,Unknown,6.49,3.24,Bakery,2.0,1.0,1.0,1.0,0.0,1.0
698e12299bcb5948f0f5d230,"Instore Baked Raspberry Turnovers, 6 pack",5d0bd76c8894a4ebbfd704b8,Unknown,5.0,2.5,Bakery,3.0,2.0,,1.0,,
698e123c1df81d9c30b2ec64,"7 Grain Bread, Sliced",5d0bd76c8894a4ebbfd704b8,Unknown,3.5,1.75,Bakery,1.0,1.0,1.0,0.0,0.0,0.0
698e123d3887249b9e4cbef9,Mixed Produce Bundle #3,67bdc806855e4112ad907797,Unknown,5.0,5.0,Produce,1.0,,,,,
698e1246c16c2d12ccb2f973,Ciabatta Cluster,5d0bd76c8894a4ebbfd704b8,Unknown,3.5,1.75,Bakery,2.0,2.0,2.0,0.0,0.0,0.0
698e125c1df81d9c30b2fb8f,Sesame Baguette,5d0bd76c8894a4ebbfd704b8,Unknown,3.5,1.75,Bakery,3.0,3.0,3.0,0.0,0.0,0.0
698e12a5c16c2d12ccb328a8,"Ciabatta Demi, Multi-grain",5d0bd76c8894a4ebbfd704b8,Unknown,3.25,1.62,Bakery,1.0,1.0,1.0,0.0,0.0,0.0
698e12d4c16c2d12ccb33ab8,White Bread Unsliced Club Pack,5d0bd76c8894a4ebbfd704b8,Unknown,6.5,3.25,Bakery,1.0,1.0,1.0,0.0,0.0,0.0
698e13129bcb5948f0f62765,White Bread,5d0bd76c8894a4ebbfd704b8,Unknown,3.0,1.5,Bakery,4.0,4.0,4.0,0.0,0.0,0.0
698e140f1df81d9c30b3a950,Free From Smoked Black Forest Ham,5d0bd76b8894a4ebbfd7048a,Unknown,8.5,4.25,Deli & Ready Meals,9.0,9.0,9.0,0.0,0.0,0.0
698e14139bcb5948f0f6713e,Mini Cucumbers (opened package),65bd257956f2d4f45a3da0e2,Unknown,4.49,2.24,Fruits & Vegetables,1.0,1.0,,0.0,,
698e14289bcb5948f0f6755e,cheese dippers,5d0bd76b8894a4ebbfd7048a,Unknown,4.79,2.39,Deli,3.0,3.0,2.0,0.0,1.0,1.0
698e142ac16c2d12ccb3e1b7,"Ambrosia Apples, 5 lb Bag",65bd257956f2d4f45a3da0e2,Unknown,6.99,3.49,Fruits & Vegetables,1.0,,,,,
698e14595e6d54d2090f9343,Apple Honey crisp 3LB,65bd257956f2d4f45a3da0e2,Unknown,7.0,3.5,Produce,1.0,1.0,,0.0,,
698e14785e6d54d2090fa300,Naturally Imperfect English Cucumber 3lb Bag,65bd257956f2d4f45a3da0e2,Unknown,6.0,3.0,Fruits & Vegetables,2.0,2.0,2.0,0.0,0.0,0.0
698e14cb590b96aae55351b7,Furlani Parmesan Garlic Toast 16 Thick Cut Slices,5d0bd76c8894a4ebbfd704b8,Unknown,5.0,2.5,Bakery,1.0,,,,,
698e14d4c16c2d12ccb42b68,Furlani Original Garlic Toast 16 Thick Cut Slices,5d0bd76c8894a4ebbfd704b8,Unknown,5.0,2.5,Bakery,1.0,1.0,1.0,0.0,0.0,0.0
698e14de5e6d54d2090fc0e3,"La Baguetterie Bread, White Miche Sliced",5d0bd76c8894a4ebbfd704b8,Unknown,5.25,2.62,Bakery,1.0,1.0,1.0,0.0,0.0,0.0
698e150d590b96aae5536447,Brioche Hot Dog Buns,5d0bd76c8894a4ebbfd704b8,Unknown,5.0,2.5,Bakery,1.0,1.0,1.0,0.0,0.0,0.0
698e150d9bcb5948f0f6c1c7,Cold Cut Trio Sandwich,6969181f05a95a3633344338,Unknown,6.0,1.99,HMR,3.0,1.0,,2.0,,
698e151e9bcb5948f0f6c8bf,FM MUFFINS BERRY MEDLEY,5d0bd76c8894a4ebbfd704b8,Unknown,6.5,3.25,Other,4.0,3.0,,1.0,,
698e152ec16c2d12ccb44852,Turkey And Swiss Cheese Sandwich,6969181f05a95a3633344338,Unknown,6.0,1.99,HMR,4.0,,,,,
698e153c590b96aae553769b,With Gusto! Hamburger Buns Original,5d0bd76c8894a4ebbfd704b8,Unknown,4.29,2.14,Bakery,1.0,1.0,1.0,0.0,0.0,0.0
698e154e1df81d9c30b40e82,Cooked Turkey Breast Slices,6969181f05a95a3633344338,Unknown,3.75,1.99,Deli,3.0,,,,,
698e154f9bcb5948f0f6d683,donut paczki,5d0bd76c8894a4ebbfd704b8,Unknown,5.5,2.75,Bakery Instore,1.0,1.0,,0.0,,
698e1565c16c2d12ccb46121,"Cake Poppers, Strawberry",5d0bd76c8894a4ebbfd704b8,Unknown,5.79,2.89,Bakery,2.0,1.0,1.0,1.0,0.0,1.0
698e15721df81d9c30b41815,"Roti Wrap Whole Wheat, 15pieces",5d0bd76c8894a4ebbfd704b8,Unknown,3.79,1.89,"Wraps, Pitas & Flatbread",6.0,6.0,5.0,0.0,1.0,1.0
698e158f5e6d54d209100d8b,"Roti Wrap Original, 15pieces",5d0bd76c8894a4ebbfd704b8,Unknown,3.79,1.89,"Wraps, Pitas & Flatbread",8.0,7.0,6.0,1.0,1.0,2.0
698e1624590b96aae553b3c5,Multi Grain Morning Rounds,6969181f05a95a3633344338,Unknown,3.25,1.99,Bakery,3.0,2.0,2.0,1.0,0.0,1.0
698e163f9bcb5948f0f72a06,Pound Cake,6969181f05a95a3633344338,Unknown,4.0,1.99,Bakery,2.0,1.0,1.0,1.0,0.0,1.0
698e1651590b96aae553c000,Boston Cream Mini Doughnuts,6969181f05a95a3633344338,Unknown,4.5,1.99,Bakery,1.0,,,,,
698e16641df81d9c30b46499,Original Bagels,6969181f05a95a3633344338,Unknown,4.49,1.99,Bakery,1.0,1.0,,0.0,,
698e167ec16c2d12ccb4ddfa,Original English Muffins,6969181f05a95a3633344338,Unknown,3.0,1.5,Bakery,2.0,1.0,1.0,1.0,0.0,1.0
698e16c7590b96aae553dafa,"10 Medium Tortillas, Whole Wheat",6969181f05a95a3633344338,Unknown,4.69,1.99,Bakery,4.0,,,,,
698e1702c16c2d12ccb52787,Original English Muffins,6969181f05a95a3633344338,Unknown,5.5,1.25,Bakery,2.0,,,,,
698e1718c16c2d12ccb53234,Prebiotic Multigrain Bread,6969181f05a95a3633344338,Unknown,4.29,1.99,Bakery,3.0,1.0,,2.0,,
698e17421df81d9c30b4adee,Tortillas Triple Baked 50/50 Corn-Wheat,6969181f05a95a3633344338,Unknown,4.69,1.25,Bakery,24.0,22.0,20.0,2.0,2.0,4.0
698e17aec16c2d12ccb5729a,Kaiser Buns,6969181f05a95a3633344338,Unknown,4.0,1.99,Bakery,2.0,2.0,2.0,0.0,0.0,0.0
698e17d99bcb5948f0f7b4d7,Original Thin Pizza Crusts Thin,6969181f05a95a3633344338,Unknown,4.69,1.99,Bakery,6.0,2.0,2.0,4.0,0.0,4.0
698e17e5664d59f4863f93a1,fresh ASC tilapia fillets regular tray,5d0bd76b8894a4ebbfd7048a,Unknown,6.49,3.24,Seafood,1.0,1.0,1.0,0.0,0.0,0.0
698e18071df81d9c30b501c5,previous frozen scallops,5d0bd76b8894a4ebbfd7048a,Unknown,10.74,5.37,Seafood,1.0,,,,,
698e1818c16c2d12ccb5a3cd,previous frozen scallops,5d0bd76b8894a4ebbfd7048a,Unknown,12.91,6.45,Seafood,1.0,,,,,
698e1828664d59f4863fafaf,fresh rainbow trout whole,5d0bd76b8894a4ebbfd7048a,Unknown,14.49,7.24,Seafood,1.0,,,,,
698e18321df81d9c30b51481,Italian Deli Meat Sandwich,6969181f05a95a3633344338,Unknown,6.0,1.99,HMR,8.0,6.0,,2.0,,
698e18321df81d9c30b51481,Italian Deli Meat Sandwich,6969181f05a95a3633344338,Unknown,6.0,1.5,HMR,,,2.0,,,
698e18359bcb5948f0f7d4fb,fresh rainbow trout whole,5d0bd76b8894a4ebbfd7048a,Unknown,11.68,5.84,Seafood,1.0,,,,,
698e1857590b96aae5544090,Macaroni Salad,6969181f05a95a3633344338,Unknown,3.0,1.5,HMR,4.0,3.0,,1.0,,
698e1d389bcb5948f0f9a323,Pork loin sirloin chops,5d0bd76c8894a4ebbfd704b8,Unknown,10.07,3.0,Meat,,3.0,1.0,,2.0,
698e1d7e9bcb5948f0f9b73d,Halal Chicken Breast Strips,5d0bd76c8894a4ebbfd704b8,Unknown,7.5,3.0,International Foods,,9.0,7.0,,2.0,
698e1e2a664d59f486423526,Free From Hot Italian Pork Sausages,6969181f05a95a3633344338,Unknown,8.0,3.99,Meat,,1.0,1.0,,0.0,
698e1e7c1df81d9c30b76e6d,Free From Original Breakfast Pork Sausages,6969181f05a95a3633344338,Unknown,7.5,2.99,Meat,,1.0,,,,
698e1f589bcb5948f0fa3e11,Blue Menu Extra Lean Boneless Skinless Chicken Breasts,6969181f05a95a3633344338,Unknown,10.0,3.99,Meat,,20.0,10.0,,10.0,
698e200bee414cfcab243da9,stir fry strips cut,6969181f05a95a3633344338,Unknown,16.99,7.5,Meat,,4.0,,,,
698e20151df81d9c30b7ef33,"The Laughing Cow Cheese, Jalapeno 32portions=535gr",5d0bd76c8894a4ebbfd704b8,Unknown,10.79,5.39,Deli,,1.0,,,,
698e20299bcb5948f0fa815b,Shanghai White Thin Noodles,5d0bd76c8894a4ebbfd704b8,Unknown,4.0,2.0,HMR,,3.0,3.0,,0.0,
698e2045664d59f4864310d5,Lilydale Smoked Black Forest Ham 500gr,5d0bd76c8894a4ebbfd704b8,Unknown,10.99,5.49,Deli,,1.0,,,,
698e228eee414cfcab24ecb2,Honey Garlic Flavoured Pork Sausages,6969181f05a95a3633344338,Unknown,8.0,2.99,Meat,,5.0,,,,
698e2339664d59f486443968,Mixed Produce Box #169,5d0bd76c8894a4ebbfd704b8,Unknown,5.0,5.0,Produce,,1.0,1.0,,0.0,
698e2369664d59f486444e24,Mixed Produce Box #67,5d0bd76b8894a4ebbfd7048a,Unknown,5.0,5.0,Produce,,1.0,1.0,,0.0,
698e237b9bcb5948f0fba076,Mixed Produce Box #220,5d0bd76c8894a4ebbfd704b8,Unknown,5.0,5.0,Produce,,1.0,1.0,,0.0,
698e2386664d59f486445c7d,Mixed Produce Box #69,5d0bd76b8894a4ebbfd7048a,Unknown,5.0,5.0,Produce,,1.0,1.0,,0.0,
698e239b4a4f6bbca944c59b,Mixed Produce Box #70,5d0bd76b8894a4ebbfd7048a,Unknown,5.0,5.0,Produce,,1.0,,,,
698e23a79bcb5948f0fbb3c7,Mixed Produce Box #221,5d0bd76c8894a4ebbfd704b8,Unknown,5.0,5.0,Produce,,1.0,1.0,,0.0,
698e23a81df81d9c30b946bc,Mixed Produce Box #71,5d0bd76b8894a4ebbfd7048a,Unknown,5.0,5.0,Produce,,1.0,1.0,,0.0,
698e23b91df81d9c30b94f02,Mixed Produce Box #72,5d0bd76b8894a4ebbfd7048a,Unknown,5.0,5.0,Produce,,1.0,1.0,,0.0,
698e23c84a4f6bbca944d053,Mixed Produce Box #73,5d0bd76b8894a4ebbfd7048a,Unknown,5.0,5.0,Produce,,1.0,,,,
698e23d51df81d9c30b95b50,Mixed Produce Box #74,5d0bd76b8894a4ebbfd7048a,Unknown,5.0,5.0,Produce,,1.0,1.0,,0.0,
698e23db4a4f6bbca944d46d,Mixed Produce Box #170,5d0bd76c8894a4ebbfd704b8,Unknown,5.0,5.0,Produce,,1.0,1.0,,0.0,
698e23e4ee414cfcab254d5e,Mixed Produce Box #75,5d0bd76b8894a4ebbfd7048a,Unknown,5.0,5.0,Produce,,1.0,1.0,,0.0,
698e241bee414cfcab255b47,Mixed Produce Box #167,5d0bd76c8894a4ebbfd704b8,Unknown,5.0,5.0,Produce,,1.0,1.0,,0.0,
698e25259bcb5948f0fc4485,Mixed Produce Box #100,5d0bd76c8894a4ebbfd704b8,Unknown,5.0,5.0,Produce,,1.0,1.0,,0.0,
698e2550664d59f486451033,Mixed Produce Box #113,5d0bd76c8894a4ebbfd704b8,Unknown,5.0,5.0,Produce,,1.0,1.0,,0.0,
698e25b49bcb5948f0fc6935,Mixed Produce Box #74,5d0bd76c8894a4ebbfd704b8,Unknown,5.0,5.0,Produce,,1.0,1.0,,0.0,
698e25d8ee414cfcab25f248,Mixed Produce Box #75,5d0bd76c8894a4ebbfd704b8,Unknown,5.0,5.0,Produce,,1.0,1.0,,0.0,
698e25fc9bcb5948f0fc804f,Mixed Produce Box #57,5d0bd76c8894a4ebbfd704b8,Unknown,5.0,5.0,Produce,,1.0,1.0,,0.0,
698e262f664d59f4864569c3,Mixed Produce Box #13,5d0bd76c8894a4ebbfd704b8,Unknown,5.0,5.0,Produce,,1.0,1.0,,0.0,
698e265b9bcb5948f0fca5ca,Mixed Produce Box #105,5d0bd76c8894a4ebbfd704b8,Unknown,5.0,5.0,Produce,,1.0,1.0,,0.0,
698e26bc1df81d9c30ba49e2,Mixed Produce Box #501,5d0bd76c8894a4ebbfd704b8,Unknown,5.0,5.0,Produce,,1.0,1.0,,0.0,
698e27031df81d9c30ba5881,Mixed Produce Box #109,5d0bd76c8894a4ebbfd704b8,Unknown,5.0,5.0,Produce,,1.0,1.0,,0.0,
698e27304a4f6bbca9462428,Mixed Produce Box #60,5d0bd76c8894a4ebbfd704b8,Unknown,5.0,5.0,Produce,,1.0,1.0,,0.0,
698e27b14a4f6bbca94659d5,Mixed Produce Box #117,5d0bd76c8894a4ebbfd704b8,Unknown,5.0,5.0,Produce,,1.0,1.0,,0.0,
698e27ce9bcb5948f0fd2c63,Mixed Produce Box #77,5d0bd76c8894a4ebbfd704b8,Unknown,5.0,5.0,Produce,,1.0,1.0,,0.0,
698e27eb4a4f6bbca9466c24,Mixed Produce Box #78,5d0bd76c8894a4ebbfd704b8,Unknown,5.0,5.0,Produce,,1.0,1.0,,0.0,
698e28249bcb5948f0fd46e7,Mixed Produce Box #52,5d0bd76c8894a4ebbfd704b8,Unknown,5.0,5.0,Produce,,1.0,1.0,,0.0,
698e28569bcb5948f0fd5324,boneless blade roast cut,6969181f05a95a3633344338,Unknown,18.62,4.99,Meat,,9.0,,,,
698e28664a4f6bbca9469e31,Mixed Produce Box #115,5d0bd76c8894a4ebbfd704b8,Unknown,5.0,5.0,Produce,,1.0,,,,
698e28aa9bcb5948f0fd7267,Mixed Produce Box #112,5d0bd76c8894a4ebbfd704b8,Unknown,5.0,5.0,Produce,,1.0,1.0,,0.0,
698e2917ee414cfcab26d5b5,Mixed Produce Box #6,5d0bd76c8894a4ebbfd704b8,Unknown,5.0,5.0,Produce,,1.0,1.0,,0.0,
698e2ca31df81d9c30bc1844,pc boneless rib steak,6969181f05a95a3633344338,Unknown,14.55,6.99,Meat,,5.0,,,,
698e2da1664d59f486484dcf,aus beef strip loin steak,6969181f05a95a3633344338,Unknown,14.0,4.99,Meat,,5.0,,,,
698e2dd8ee414cfcab2835ce,Black Forest Ham And Cheese Sandwich,6969181f05a95a3633344338,Unknown,6.0,2.99,HMR,,2.0,,,,
698e2e1d664d59f4864880fd,White Medium Wraps 10pk,6969181f05a95a3633344338,Unknown,3.99,0.99,Bakery,,10.0,7.0,,3.0,
698e2efcee414cfcab2875df,Chicken Caesar Premium Salad 274g,5d0bd76b8894a4ebbfd7048a,Unknown,7.0,3.5,Produce,,3.0,1.0,,2.0,
698e2f544a4f6bbca94972b9,Cuddy Montreal Smoked Turkey 400g,5d0bd76b8894a4ebbfd7048a,Unknown,18.0,9.0,Deli,,5.0,5.0,,0.0,
698e2fa31df81d9c30bd05f1,PC Oven Roasted Chicken Breast,5d0bd76b8894a4ebbfd7048a,Unknown,10.29,5.14,Deli,,1.0,1.0,,0.0,
698e2fb34a4f6bbca949a19e,Large House Salad,5d0bd76b8894a4ebbfd7048a,Unknown,9.0,4.5,Produce,,1.0,,,,
698e2fe7664d59f486496686,Large Chicken Caesar Salad,5d0bd76b8894a4ebbfd7048a,Unknown,12.0,6.0,Produce,,1.0,,,,
698e3114ee414cfcab291122,Fruit Salad Small,5d0bd76b8894a4ebbfd7048a,Unknown,4.38,2.19,Produce,,1.0,,,,
698e34c1ee414cfcab2a0382,Mixed Produce Box #6,5ddef30c9af4e045c44b9d67,Unknown,5.0,5.0,Produce,,1.0,,,,
698e34e5ee414cfcab2a0ebc,Mixed Produce Box #4,5ddef30c9af4e045c44b9d67,Unknown,5.0,5.0,Produce,,1.0,,,,
698e3e6e19ce08acfa8bec7a,orange tangerine aquafijs plus+ (591ml),65e8f30bcb43951cbd853f59,Unknown,2.7,1.35,Drinks,,11.0,11.0,,0.0,
698e49caef2f3a8ea54944bd,Summer Sausage,6969181f05a95a3633344338,Unknown,11.0,2.99,Meat,,4.0,,,,
698e49fef9c37dcc2bd776c2,"Salami, Sliced",6969181f05a95a3633344338,Unknown,6.0,0.99,Meat,,10.0,,,,
698e4a30b00680d6ddbf58e1,"Pepperoni, Sliced",6969181f05a95a3633344338,Unknown,6.0,0.99,Meat,,19.0,11.0,,8.0,
698e4a48ef2f3a8ea54961e3,"Bologna, Thick",6969181f05a95a3633344338,Unknown,6.0,0.99,Meat,,10.0,10.0,,0.0,
698e4a6f1af04775dac41f14,"Bologna, Sliced",6969181f05a95a3633344338,Unknown,6.0,0.99,Meat,,9.0,,,,
698e4bdcef2f3a8ea549daf5,pc boneless rib steak,6969181f05a95a3633344338,Unknown,15.87,3.99,Meat,,3.0,,,,
698e4c0ef9c37dcc2bd814ae,aus beef strip loin steak,6969181f05a95a3633344338,Unknown,14.0,4.99,Meat,,7.0,,,,
698e4c7b1af04775dac4c523,halal top sirlon steak,6969181f05a95a3633344338,Unknown,14.03,3.99,Meat,,5.0,,,,
698e4ca3ef2f3a8ea54a1768,Aus beef boneless rib steak,6969181f05a95a3633344338,Unknown,14.0,4.99,Meat,,11.0,,,,
698e4d7e1af04775dac51dd3,pc strip loin steak,6969181f05a95a3633344338,Unknown,13.12,6.56,Meat,,12.0,,,,
698e5f93f9c37dcc2bddb73d,Frosted Flakes Cereal,65bd257956f2d4f45a3da0e2,Unknown,4.5,2.25,Centre of Store,,,1.0,,,
698e60841af04775dacb0b15,Organic Mango Orange Fruit Juice Boxes,65bd257956f2d4f45a3da0e2,Unknown,3.0,1.5,Centre of Store,,,1.0,,,
698e7c70b00680d6ddcd1a79,Mild Italian Pork Sausages,629cec56061cc278a85326dc,Unknown,8.0,4.0,Meat,,,6.0,,,
698e8c7436a8b368c36f6ec8,Veggie Bundle #1,65e8f30bcb43951cbd853f59,Unknown,5.0,5.0,Produce,,,1.0,,,
698e8d4936a8b368c36f8789,Veggie Bundle #2,65e8f30bcb43951cbd853f59,Unknown,5.0,5.0,Produce,,,1.0,,,
698e8f344a470d01bba12875,Mixed Produce Bundle #2,65e8f30bcb43951cbd853f59,Unknown,5.0,5.0,Produce,,,1.0,,,
698e9025f3da2e1588130aac,Mixed Produce Bundle #3,65e8f30bcb43951cbd853f59,Unknown,5.0,5.0,Produce,,,1.0,,,
698e95c22e0c6b02d59506df,Chorizo Pork Sausages,629cec56061cc278a85326dc,Unknown,8.0,4.0,Meat,,,1.0,,,
698e95d5f9c37dcc2be829d4,Hot Italian Ground Pork Sausage Meat,629cec56061cc278a85326dc,Unknown,8.0,4.0,Meat,,,3.0,,,
698e95ef2e0c6b02d5950cc6,Beef Stir Fry Strips,629cec56061cc278a85326dc,Unknown,19.18,9.59,Meat,,,1.0,,,
698e96011af04775dad5b484,Beef Stir Fry Strips,629cec56061cc278a85326dc,Unknown,19.04,9.52,Meat,,,1.0,,,
698e9634b00680d6ddd13e16,Pork Combo Chops,629cec56061cc278a85326dc,Unknown,15.89,7.94,Meat,,,1.0,,,
698e9645b00680d6ddd13fc1,Pork Combo Chops,629cec56061cc278a85326dc,Unknown,17.7,8.85,Meat,,,1.0,,,
698eb479b00680d6ddd39c1d,Italian Style Pork Meatballs,629cec56061cc278a85326dc,Unknown,14.0,7.0,Meat,,,2.0,,,
