city,beijing_time,local_time,store_id,store_name,item_id,item_name,price,original_price,stock,category
Toronto,2026-02-20 02:12,2026-02-19 16:30,616596d5f896c30ee4da1d57,Unknown,69975294f9e149af234cfb15,Veggie Box #12,2,2,1,Produce
Toronto,2026-02-20 02:12,2026-02-19 16:30,616596d5f896c30ee4da1d57,Unknown,69975234a13de79833be9024,Fruit Box #10,4,4,1,Produce
Toronto,2026-02-20 02:12,2026-02-19 16:30,616596d5f896c30ee4da1d57,Unknown,6997520a042b09250465830e,Fruit Box #9,3,3,1,Produce
Toronto,2026-02-20 02:12,2026-02-19 16:30,616596d5f896c30ee4da1d57,Unknown,699751e9f9e149af234cc767,Fruit Box #8,4,4,1,Produce
Toronto,2026-02-20 02:12,2026-02-19 16:30,616596d5f896c30ee4da1d57,Unknown,699751bca13de79833be533f,Fruit Box #7,4,4,1,Produce
Toronto,2026-02-20 02:12,2026-02-19 16:30,616596d5f896c30ee4da1d57,Unknown,6997517ea13de79833be37ed,Fruit Box #6,4,4,1,Produce
Toronto,2026-02-20 02:12,2026-02-19 16:30,616596d5f896c30ee4da1d57,Unknown,69975150a13de79833be2bdf,Fruit Box #5,3,3,1,Produce
Toronto,2026-02-20 02:12,2026-02-19 16:30,616596d5f896c30ee4da1d57,Unknown,69947a632e0c6b02d5bd17fe,Veggie Box #12,3,3,1,Produce
Toronto,2026-02-20 02:12,2026-02-19 16:30,63cef866290ecaebc6d392ff,Unknown,699483d1b00680d6dd041111,Vetdiet Feline Adult - Sensitive Skin & Stomach In Salmon | Cat Food | Size: 1.59,16.5,32.99,1, Cat Supplies 
Toronto,2026-02-20 02:12,2026-02-19 16:30,63cef866290ecaebc6d392ff,Unknown,699483bbfb8f36e2bccce0d0,Vetdiet Puppy - Chicken & Rice | Dog Food | Size: 2.72,17,33.99,4,Dog Supplies
Toronto,2026-02-20 02:12,2026-02-19 16:30,63cef866290ecaebc6d392ff,Unknown,699483a12e0c6b02d5c15ba9,Vetdiet Kitten - Chicken & Rice | Cat Food | Size: 6.8,31,61.99,1,Cat Supplies
Toronto,2026-02-20 02:12,2026-02-19 16:30,63cef866290ecaebc6d392ff,Unknown,699483901af04775dafff557,Vetdiet Adult - Mobility Formula | Dog Food | Size: 2.72,20,39.99,2,Dog Supplies
Toronto,2026-02-20 02:12,2026-02-19 16:30,63cef866290ecaebc6d392ff,Unknown,69948377fb8f36e2bccccb42,Vetdiet Adult - Chicken & Rice - Dry Dog Food - 13.6,39.49,78.99,1,Dog Supplies
Toronto,2026-02-20 02:12,2026-02-19 16:30,63cef866290ecaebc6d392ff,Unknown,69948351fb8f36e2bcccb602,Vetdiet Feline Adult - Indoor in Salmon & Rice | Cat Food | Size: 1.59,14.99,29.99,2,Cat Supplies
Toronto,2026-02-20 02:12,2026-02-19 16:30,63cef866290ecaebc6d392ff,Unknown,69864249ccafe934a2488a46,PureBites Mid Size Treats - Beef & Cheese | Size: 250,14.49,28.99,3,Dog Supplies
Toronto,2026-02-20 02:12,2026-02-19 16:30,63cef866290ecaebc6d392ff,Unknown,697a25349bde53f546db8d4e,birthday helium hounds cookie,2,3.99,2, Dog Supplies
Toronto,2026-02-20 02:12,2026-02-19 16:30,63cef866290ecaebc6d392ff,Unknown,69790e2fe4fe434135030c9f,Vetdiet Feline Adult - Dental Care - Chicken & Rice | Cat Food | Size: 1.59,16.5,32.99,3,Cat Supplies
Toronto,2026-02-20 02:12,2026-02-19 16:30,63cef866290ecaebc6d392ff,Unknown,69790deac889febbe732f2d8,Vetdiet Feline Adult - Chicken & Rice | Cat Food | Size: 1.59,13.49,26.99,1, Cat Supplies 
Toronto,2026-02-20 02:12,2026-02-19 16:30,63cef866290ecaebc6d392ff,Unknown,69790dd99bde53f546aefbf5,Vetdiet Feline Adult - Indoor - Chicken & Rice | Cat Food | Size: 3.18,23.5,46.99,1, Cat Supplies 
Toronto,2026-02-20 02:12,2026-02-19 16:30,63cef866290ecaebc6d392ff,Unknown,69790da29bde53f546aee78a,Vetdiet Feline Adult - Indoor - Chicken & Rice | Cat Food | Size: 1.59,14.99,29.99,4, Cat Supplies 
Toronto,2026-02-20 02:12,2026-02-19 16:30,63cef866290ecaebc6d392ff,Unknown,6967dcc50bcbb0cc03e65a2e,sorta sweet sorta spooky skull cookies,2,3.99,4, Dog Supplies
Toronto,2026-02-20 02:12,2026-02-19 16:30,63cef866290ecaebc6d392ff,Unknown,6967dc6a7bf924857d9d5fa9,no fly zone spiders cookies,1.39,2.79,11, Dog Supplies
Toronto,2026-02-20 02:12,2026-02-19 16:30,63cef866290ecaebc6d392ff,Unknown,6967dbc07bf924857d9d1e48,best looking paw in the patch cookie,2.24,4.49,11, Dog Supplies
Toronto,2026-02-20 02:12,2026-02-19 16:30,63cef866290ecaebc6d392ff,Unknown,69667ba8b44c84a21430395a,friendly fir,2,3.99,18, Dog Supplies
Toronto,2026-02-20 02:12,2026-02-19 16:30,63cef866290ecaebc6d392ff,Unknown,69667b4b713f3fcc8d7459db,anniversary 50th eh,2.24,4.49,20, Dog Supplies
Toronto,2026-02-20 02:12,2026-02-19 16:30,63cef866290ecaebc6d392ff,Unknown,69667af3b2db10be993040e5,anniversary 50th heart,2.24,4.49,9, Dog Supplies
Toronto,2026-02-20 02:12,2026-02-19 16:30,63cef866290ecaebc6d392ff,Unknown,69667aa2b44c84a2142fd509,anniversary large heart,3.99,7.99,8, Dog Supplies
Toronto,2026-02-20 02:12,2026-02-19 16:30,63cef866290ecaebc6d392ff,Unknown,6966798a713f3fcc8d73be7f,sweater weather sips cookies,1.39,2.79,18, Dog Supplies
Toronto,2026-02-20 02:12,2026-02-19 16:30,63cef866290ecaebc6d392ff,Unknown,69667934b2db10be992f842a,Bosco Roxy squash cookie,1.39,2.79,19, Dog Supplies
Toronto,2026-02-20 02:12,2026-02-19 16:30,63cef866290ecaebc6d392ff,Unknown,69667257713f3fcc8d70cbde,elfie treat cookies,1.39,2.79,57, Dog Supplies
Toronto,2026-02-20 02:12,2026-02-19 16:30,63cef866290ecaebc6d392ff,Unknown,69666c4f713f3fcc8d6e2923,Bosco and Roxy nuzzle nose rude cookies,2.24,4.49,14, Dog Supplies
Toronto,2026-02-20 02:12,2026-02-19 16:30,63cef866290ecaebc6d392ff,Unknown,69666bba29864c81d5f23ed5,chicken flavour dog treats,2,3.99,16, Dog Supplies
Toronto,2026-02-20 02:12,2026-02-19 16:30,63cef866290ecaebc6d392ff,Unknown,69666b67b44c84a2142a1f67,chicken flavour dog treats,2,3.99,6, Dog Supplies
Toronto,2026-02-20 02:12,2026-02-19 16:30,63cef866290ecaebc6d392ff,Unknown,69666a9a29864c81d5f1d0f0,Vetdiet Kitten - Chicken & Rice | Cat Food | Size: 1.59,13.49,26.99,1,Cat Supplies
Toronto,2026-02-20 02:12,2026-02-19 16:30,63cef866290ecaebc6d392ff,Unknown,69666a4329864c81d5f1b3d9,Vetdiet Feline Adult - Indoor - Chicken & Rice | Cat Food | Size: 1.59,14.99,29.99,1, Cat Supplies 
Toronto,2026-02-20 02:12,2026-02-19 16:30,63cef866290ecaebc6d392ff,Unknown,696669d2b2db10be9929b4d2,Vetdiet Feline Adult - Dental Care - Chicken & Rice | Cat Food | Size: 1.59,16.5,32.99,4,Cat Supplies
Toronto,2026-02-20 02:12,2026-02-19 16:30,63cef866290ecaebc6d392ff,Unknown,69666835c1b9ca872832c917,"naughty,nice I tried prepackaged treat",7.49,14.99,4, Dog Supplies
Toronto,2026-02-20 02:12,2026-02-19 16:30,63cef866290ecaebc6d392ff,Unknown,696667cb29864c81d5f0e92a,Bosco & Roxy's Canine Candy Cane Advent Calendar,11.5,23,2,Dog Supplies
Toronto,2026-02-20 02:12,2026-02-19 16:30,63cef866290ecaebc6d392ff,Unknown,6966679a713f3fcc8d6c4ffb,Bosco and roxys nice vs naughty bites,6.49,12.99,5, Dog Supplies
Toronto,2026-02-20 02:12,2026-02-19 16:30,63cef866290ecaebc6d392ff,Unknown,67db0bdaaf97311f6d4612e0,Bosco & Roxy's St. Paddy's Day - Mini Green Beer - Small - Dog Biscuit | Dog Toy,1.1,2.19,7,Dog Supplies
Toronto,2026-02-20 02:12,2026-02-19 16:30,63cef866290ecaebc6d392ff,Unknown,67db0bb3bb6dde60278da932,Bosco & Roxy's St. Paddy's Leprechaun Sized Paws | Dog Toy,1.1,2.19,4,Dog Supplies
Toronto,2026-02-20 02:12,2026-02-19 16:30,629cec56061cc26b59532732,Unknown,699747b967cd77db0ae83cf5,Chicken Linguine Alfredo,3.5,7,5,HMR
Toronto,2026-02-20 02:12,2026-02-19 16:30,629cec56061cc26b59532732,Unknown,699714f63a1df4d16b8b05ca,healthy choice grilled chicken linguini,2,4,2,Frozen
Toronto,2026-02-20 02:12,2026-02-19 16:30,629cec56061cc26b59532732,Unknown,6997144b3a1df4d16b8ac082,healthy choice sweet and sour chicken,2,4,2,Frozen
Toronto,2026-02-20 02:12,2026-02-19 16:30,629cec56061cc26b59532732,Unknown,699713ac042b0925044a3c24,healthy choice,2,4,2,Frozen
Toronto,2026-02-20 02:12,2026-02-19 16:30,629cec56061cc26b59532732,Unknown,6995fc6a40f578fa9c172631,Mixed Produce Box #25,5,5,1,Produce
Toronto,2026-02-20 02:12,2026-02-19 16:30,629cec56061cc26b59532732,Unknown,69951f68be0d6f98097512e5,Pork Boneless Chop Center & Rib,3.21,6.43,3,Pork
Toronto,2026-02-20 02:12,2026-02-19 16:30,629cec56061cc26b59532732,Unknown,69951f13046dcfd41e656f5c,bass fillets,2.5,5,2,Seafood
Toronto,2026-02-20 02:12,2026-02-19 16:30,629cec56061cc26b59532732,Unknown,69951caa046dcfd41e64fc28,Mixed Produce Box #23,5,5,1,Produce
Toronto,2026-02-20 02:12,2026-02-19 16:30,629cec56061cc26b59532732,Unknown,698f31f02e0c6b02d5a83f6f,"Sliced Loaf Cakes Trio - Banana, Chocolate Chips, Lemon",3.75,7.5,4,Bakery
Toronto,2026-02-20 02:12,2026-02-19 16:30,629cec56061cc26b59532732,Unknown,697a2800897d696bef67516a,Allergy Relief Ex S 10Mg 30,8.49,16.99,3,Centre of Store
Toronto,2026-02-20 02:12,2026-02-19 16:30,5ccc4efc3b02ab30509a36b8,Unknown,699743e2042b0925045fc8d4,Di Manno Apple Pie,0.5,1.25,1,Bakery
Toronto,2026-02-20 02:12,2026-02-19 16:30,5ccc4efc3b02ab30509a36b8,Unknown,6997426367cd77db0ae6484c,Hot Dog Buns,0.5,2.5,1,Bakery Commercial
Toronto,2026-02-20 02:12,2026-02-19 16:30,5ccc4efc3b02ab30509a36b8,Unknown,6997322e67cd77db0ae06893,Mixed Produce Box #61,5,5,1,Produce
Toronto,2026-02-20 02:12,2026-02-19 16:30,5ccc4efc3b02ab30509a36b8,Unknown,69973222a13de79833b2ea66,Mixed Produce Box #60,5,5,1,Produce
Toronto,2026-02-20 02:12,2026-02-19 16:30,5ccc4efc3b02ab30509a36b8,Unknown,69973213a13de79833b2e24a,Mixed Produce Box #59,5,5,1,Produce
Toronto,2026-02-20 02:12,2026-02-19 16:30,5ccc4efc3b02ab30509a36b8,Unknown,699731faf9e149af2341b199,Mixed Produce Box #57,5,5,1,Produce
Toronto,2026-02-20 02:12,2026-02-19 16:30,5ccc4efc3b02ab30509a36b8,Unknown,69972bfd042b092504556187,Mixed Produce Box #49,5,5,1,Produce
Toronto,2026-02-20 02:12,2026-02-19 16:30,5ccc4efc3b02ab30509a36b8,Unknown,69972bccf9e149af233f7505,Mixed Produce Box #46,5,5,1,Produce
Toronto,2026-02-20 02:12,2026-02-19 16:30,5ccc4efc3b02ab30509a36b8,Unknown,6997103a046dcfd41eb484bd,"Cheese, Brie Light",3.99,7.99,1,Deli
Toronto,2026-02-20 02:12,2026-02-19 16:30,5ccc4efc3b02ab30509a36b8,Unknown,6997050e40f578fa9c3f9b8a,Romaine Salad,0.49,4.5,2,Fresh Salad & Dressing
Toronto,2026-02-20 02:12,2026-02-19 16:30,5ccc4efc3b02ab30509a36b8,Unknown,6996e606042b0925043f1756,"Jumbo Hamburger Buns, 8 Pack",0.5,3.5,1,Bakery
Toronto,2026-02-20 02:12,2026-02-19 16:30,5ccc4efc3b02ab30509a36b8,Unknown,6996e5ec6e8c0840c1c67ac9,"Whole Wheat Dinner Rolls, 12 Pack",0.5,4.25,1,Bakery
Toronto,2026-02-20 02:12,2026-02-19 16:30,5ccc4efc3b02ab30509a36b8,Unknown,6996e5ce6e8c0840c1c678cb,Cheese topped Kaiser 6pk,0.5,4,1,Bakery
Toronto,2026-02-20 02:12,2026-02-19 16:30,5ccc4efc3b02ab30509a36b8,Unknown,6996e5846e8c0840c1c675b7,Kaiser Rolls Large 6 Pack,0.5,4.25,2,Bakery
Toronto,2026-02-20 02:12,2026-02-19 16:30,5ccc4efc3b02ab30509a36b8,Unknown,6996e552046dcfd41eac3df6,Whole Wheat Baguette,0.5,1,3,Bakery
Toronto,2026-02-20 02:12,2026-02-19 16:30,5ccc4efc3b02ab30509a36b8,Unknown,6996e539046dcfd41eac3ccd,Sesame Baguette,0.5,3.75,1,Bakery
Toronto,2026-02-20 02:12,2026-02-19 16:30,5ccc4efc3b02ab30509a36b8,Unknown,6996e52f40f578fa9c3b4273,"Bread, White Baguette",0.5,3.75,2,Bakery
Toronto,2026-02-20 02:12,2026-02-19 16:30,5ccc4efc3b02ab30509a36b8,Unknown,6996e5193a1df4d16b7f33ac,"Demi-Baguette, White",0.5,3.25,1,Bakery
Toronto,2026-02-20 02:12,2026-02-19 16:30,5ccc4efc3b02ab30509a36b8,Unknown,6996e50040f578fa9c3b4118,"Ciabatta Demi, Multi-grain",0.5,3.25,1,Bakery
Toronto,2026-02-20 02:12,2026-02-19 16:30,5ccc4efc3b02ab30509a36b8,Unknown,6996e4f540f578fa9c3b4060,"Italian Bread, Multi-grain unsliced",0.5,3,1,Bakery
Toronto,2026-02-20 02:12,2026-02-19 16:30,5ccc4efc3b02ab30509a36b8,Unknown,6996e4cb6e8c0840c1c66b1c,Bread 100% Whole Wheat,0.5,3,1,Bakery
Toronto,2026-02-20 02:12,2026-02-19 16:30,5fac3e05d7528a3c966b13b2,Unknown,69971a713a1df4d16b8d60fd,Fruit Box #20,1.5,1.5,1,Produce
Toronto,2026-02-20 02:12,2026-02-19 16:30,5fac3e05d7528a3c966b13b2,Unknown,699719f540f578fa9c46cfb6,Fruit Box #17,1.5,1.5,1,Produce
Toronto,2026-02-20 02:12,2026-02-19 16:30,5fac3e05d7528a3c966b13b2,Unknown,699719dd40f578fa9c46c6de,Fruit Box #16,1.5,1.5,1,Produce
Toronto,2026-02-20 02:12,2026-02-19 16:30,5fac3e05d7528a3c966b13b2,Unknown,699719c840f578fa9c46c0b3,Fruit Box #15,2,2,1,Produce
Toronto,2026-02-20 02:12,2026-02-19 16:30,5fac3e05d7528a3c966b13b2,Unknown,69971993042b0925044cf5c5,Fruit Box #14,2,2,1,Produce
Toronto,2026-02-20 02:12,2026-02-19 16:30,5fac3e05d7528a3c966b13b2,Unknown,699719583a1df4d16b8ce966,Fruit Box #12,1.5,1.5,1,Produce
Toronto,2026-02-20 02:12,2026-02-19 16:30,5fac3e05d7528a3c966b13b2,Unknown,699719336e8c0840c1d24436,Fruit Box #11,2,2,1,Produce
Toronto,2026-02-20 02:12,2026-02-19 16:30,5fac3e05d7528a3c966b13b2,Unknown,6995cb1a042b09250400e046,Fruit Box #10,1.5,1.5,1,Produce
Toronto,2026-02-20 02:12,2026-02-19 16:30,5fac3e05d7528a3c966b13b2,Unknown,6995cb14042b09250400dd8e,Fruit Box #9,1.5,1.5,1,Produce
Toronto,2026-02-20 02:12,2026-02-19 16:30,5fac3e05d7528a3c966b13b2,Unknown,6995caf76e8c0840c1905a28,Fruit Box #8,2,2,1,Produce
Toronto,2026-02-20 02:12,2026-02-19 16:30,5fac3e05d7528a3c966b13b2,Unknown,6995cae840f578fa9c05b5fe,Fruit Box #7,1.5,1.5,1,Produce
Toronto,2026-02-20 02:12,2026-02-19 16:30,5fac3e05d7528a3c966b13b2,Unknown,6995cabd6e8c0840c1903fe9,Fruit Box #6,1.5,1.5,1,Produce
Toronto,2026-02-20 02:12,2026-02-19 16:30,5fac3e05d7528a3c966b13b2,Unknown,6995caae042b09250400bc1a,Fruit Box #5,1.5,1.5,1,Produce
Toronto,2026-02-20 02:12,2026-02-19 16:30,5fac3e05d7528a3c966b13b2,Unknown,6995caa6046dcfd41e777783,Fruit Box #4,1.5,1.5,1,Produce
Toronto,2026-02-20 02:12,2026-02-19 16:30,5fac3e05d7528a3c966b13b2,Unknown,6995ca903a1df4d16b420a4d,Fruit Box #3,1.5,1.5,1,Produce
Toronto,2026-02-20 02:12,2026-02-19 16:30,5fac3e05d7528a3c966b13b2,Unknown,6995ca7d042b09250400a4e3,Fruit Box #2,2,2,1,Produce
Toronto,2026-02-20 02:12,2026-02-19 16:30,5fac3e05d7528a3c966b13b2,Unknown,6995ca713a1df4d16b4202a9,Fruit Box #1,1.5,1.5,1,Produce
Toronto,2026-02-20 02:12,2026-02-19 16:30,5fac3e05d7528a3c966b13b2,Unknown,69947a7fef2f3a8ea5514547,Fruit Box #908,2,2,1,Produce
Toronto,2026-02-20 02:12,2026-02-19 16:30,5fac3e05d7528a3c966b13b2,Unknown,69947a6b1af04775dafc22dd,Fruit Box #907,1.5,1.5,1,Produce
Toronto,2026-02-20 02:12,2026-02-19 16:30,5fac3e05d7528a3c966b13b2,Unknown,69947a20fb8f36e2bcc97868,Fruit Box #905,2,2,1,Produce
Toronto,2026-02-20 02:12,2026-02-19 16:30,5fac3e05d7528a3c966b13b2,Unknown,69947a0c2e0c6b02d5bcf207,Fruit Box #904,2,2,1,Produce
Toronto,2026-02-20 02:12,2026-02-19 16:30,5fac3e05d7528a3c966b13b2,Unknown,69947a00fb8f36e2bcc96c13,Fruit Box #903,1.5,1.5,1,Produce
Toronto,2026-02-20 02:12,2026-02-19 16:30,5fac3e05d7528a3c966b13b2,Unknown,699479c92e0c6b02d5bce0b9,Fruit Box #901,1.5,1.5,1,Produce
Toronto,2026-02-20 02:12,2026-02-19 16:30,5fac3e05d7528a3c966b13b2,Unknown,699479a9b00680d6ddffaa33,Fruit Box #900,1.5,1.5,1,Produce
Toronto,2026-02-20 02:12,2026-02-19 16:30,5fac3e05d7528a3c966b13b2,Unknown,6991fe892e0c6b02d549e460,Fruit Box #210,1,1,1,Produce
Toronto,2026-02-20 02:12,2026-02-19 16:30,5fac3e05d7528a3c966b13b2,Unknown,698f3f6c1af04775daeee9bc,Fruit Box #305,1,1,1,Produce
Toronto,2026-02-20 02:12,2026-02-19 16:30,5fac3e05d7528a3c966b13b2,Unknown,698f3f4a2e0c6b02d5ae3ebb,Fruit Box #303,1,1,1,Produce
Toronto,2026-02-20 02:12,2026-02-19 16:30,5fac3e05d7528a3c966b13b2,Unknown,698f3f3ef9c37dcc2bfe779f,Fruit Box #110,1,1,1,Produce
Toronto,2026-02-20 02:12,2026-02-19 16:30,5fac3e05d7528a3c966b13b2,Unknown,698f3f34ef2f3a8ea56d49e0,Fruit Box #103,1,1,1,Produce
Toronto,2026-02-20 02:12,2026-02-19 16:30,5fac3e05d7528a3c966b13b2,Unknown,698f3e86ef2f3a8ea56d1130,Fruit Box #800,1.5,1.5,1,Produce
Toronto,2026-02-20 02:12,2026-02-19 16:30,5fac3e05d7528a3c966b13b2,Unknown,698f3e48ef2f3a8ea56cf66e,Fruit Box #709,1.5,1.5,1,Produce
Toronto,2026-02-20 02:12,2026-02-19 16:30,5fac3e05d7528a3c966b13b2,Unknown,698f3dcfb00680d6dde96d0e,Fruit Box #712,1.5,1.5,1,Produce
Toronto,2026-02-20 02:12,2026-02-19 16:30,5fac3e05d7528a3c966b13b2,Unknown,698f3db3f9c37dcc2bfdda67,Fruit Box #20,1,1,1,Produce
Toronto,2026-02-20 02:12,2026-02-19 16:30,5fac3e05d7528a3c966b13b2,Unknown,698f3d582e0c6b02d5ad350f,Fruit Box #23,1,1,1,Produce
Toronto,2026-02-20 02:12,2026-02-19 16:30,5fac3e05d7528a3c966b13b2,Unknown,698c94fcc4a187cb6c432790,Fruit Box #719,1.5,1.5,1,Produce
Toronto,2026-02-20 02:12,2026-02-19 16:30,5fac3e05d7528a3c966b13b2,Unknown,698c93409476de55749d9507,Fruit Box #707,1.5,1.5,1,Produce
Toronto,2026-02-20 02:12,2026-02-19 16:30,5fa2e7544d6a672e1136bfbf,Unknown,6995b2f5042b092504f70ebc,Havarti Cheese Slices,2.39,4.79,7,Dairy
Toronto,2026-02-20 02:12,2026-02-19 16:30,5fa2e7544d6a672e1136bfbf,Unknown,6994c8441af04775da1b662e,Grade A Large Eggs ***contains 1 damaged egg***,6.5,7.06,1,Dairy
Toronto,2026-02-20 02:12,2026-02-19 16:30,5fa2e7544d6a672e1136bfbf,Unknown,6994c7ef2e0c6b02d5dcdb48,Grade A Extra Large Eggs ***contains 1-2 damaged eggs***,3.11,4.71,1,Dairy
Toronto,2026-02-20 02:12,2026-02-19 16:30,5fa2e7544d6a672e1136bfbf,Unknown,6994c527ef2f3a8ea5693761,"Greek Yogurt, Strawberry, Fruit on the Bottom, 2% M.F.",2.99,3.99,3,Dairy
Toronto,2026-02-20 02:12,2026-02-19 16:30,6410dc9ed904cd2328a73d59,Unknown,699745e9042b09250460b0af,"Ground Pork, Lean",3.64,10.12,3,Pork
Toronto,2026-02-20 02:12,2026-02-19 16:30,6410dc9ed904cd2328a73d59,Unknown,699745c1f9e149af234897a5,"Air Chilled Chicken Drumsticks, 8-Pack",3.94,12,3,Meat
Toronto,2026-02-20 02:12,2026-02-19 16:30,6410dc9ed904cd2328a73d59,Unknown,69974584042b0925046082b1,tandoori chicken leg,1.94,5.6,2,Meat
Toronto,2026-02-20 02:12,2026-02-19 16:30,6410dc9ed904cd2328a73d59,Unknown,6995d990046dcfd41e7c9d3f,Organics Baby Spinach,0.99,5,4,Fruits & Vegetables
Toronto,2026-02-20 02:12,2026-02-19 16:30,6410dc9ed904cd2328a73d59,Unknown,69954594be0d6f980978d2dd,"Yop 2% Minigo Duo Variety Pack, Blueberry-Strawberry/ Strawberry-Banana/ Banana-Blueberry Flavour ,6ct",0.75,3.5,2,Dairy
Toronto,2026-02-20 02:12,2026-02-19 16:30,6410dc9ed904cd2328a73d59,Unknown,699089c51af04775da3641cf,Caesar Salad Kit,3,6,2,Fruits & Vegetables
Toronto,2026-02-20 02:12,2026-02-19 16:30,5ccc4fa913ed23170c14dadd,Unknown,69974340a13de79833b93bcd,Raincoast Cranberry Crisps,4.5,8,1,Deli
Toronto,2026-02-20 02:12,2026-02-19 16:30,5ccc4fa913ed23170c14dadd,Unknown,6997376467cd77db0ae23e00,Mixed Produce Box #910,5,5,1,Produce
Toronto,2026-02-20 02:12,2026-02-19 16:30,5ccc4fa913ed23170c14dadd,Unknown,6997373e3a1df4d16b9a0816,Mixed Produce Box #907,5,5,1,Produce
Toronto,2026-02-20 02:12,2026-02-19 16:30,5ccc4fa913ed23170c14dadd,Unknown,6997372a67cd77db0ae22692,Mixed Produce Box #908,5,5,1,Produce
Toronto,2026-02-20 02:12,2026-02-19 16:30,5ccc4fa913ed23170c14dadd,Unknown,69973704f9e149af2343701c,Mixed Produce Box #905,5,5,1,Produce
Toronto,2026-02-20 02:12,2026-02-19 16:30,5ccc4fa913ed23170c14dadd,Unknown,699736f5042b0925045a4fb9,Mixed Produce Box #904,5,5,1,Produce
Toronto,2026-02-20 02:12,2026-02-19 16:30,5ccc4fa913ed23170c14dadd,Unknown,699736e3042b0925045a48d2,Mixed Produce Box #903,5,5,1,Produce
Toronto,2026-02-20 02:12,2026-02-19 16:30,5ccc4fa913ed23170c14dadd,Unknown,699736d3f9e149af2343641c,Mixed Produce Box #902,5,5,1,Produce
Toronto,2026-02-20 02:12,2026-02-19 16:30,5ccc4fa913ed23170c14dadd,Unknown,699736c0042b0925045a3854,Mixed Produce Box #901,5,5,1,Produce
Toronto,2026-02-20 02:12,2026-02-19 16:30,5ccc4fa913ed23170c14dadd,Unknown,69971dab6e8c0840c1d3fce8,Lethbridge Pork Tenderloins,5.72,11.44,1,Pork
Toronto,2026-02-20 02:12,2026-02-19 16:30,5ccc4fa913ed23170c14dadd,Unknown,69971d9140f578fa9c482882,Pork Loin Center Chop Boneless,5.22,10.45,1,Pork
Toronto,2026-02-20 02:12,2026-02-19 16:30,5ccc4fa913ed23170c14dadd,Unknown,69971d7740f578fa9c4820bf,Beef Boneless Blade Steak,6.05,12.1,1,Beef
Toronto,2026-02-20 02:12,2026-02-19 16:30,5ccc4fa913ed23170c14dadd,Unknown,69971d1540f578fa9c4800ef,marinated pork stir fry strips,3.5,7,4,Meat
Toronto,2026-02-20 02:12,2026-02-19 16:30,5ccc4fa913ed23170c14dadd,Unknown,6996149b6e8c0840c1a9ce41,Fruit Box #409,5,5,1,Produce
Toronto,2026-02-20 02:12,2026-02-19 16:30,5ccc4fa913ed23170c14dadd,Unknown,6996148a40f578fa9c1e7853,Veggie Box #408,5,5,1,Produce
Toronto,2026-02-20 02:12,2026-02-19 16:30,5ccc4fa913ed23170c14dadd,Unknown,699614796e8c0840c1a9c559,Fruit Box #407,5,5,1,Produce
Toronto,2026-02-20 02:12,2026-02-19 16:30,5ccc4fa913ed23170c14dadd,Unknown,6996146a6e8c0840c1a9c099,Fruit Box #406,5,5,1,Produce
Toronto,2026-02-20 02:12,2026-02-19 16:30,5ccc4fa913ed23170c14dadd,Unknown,699614456e8c0840c1a9ba5c,Veggie Box #403,5,5,1,Produce
Toronto,2026-02-20 02:12,2026-02-19 16:30,5ccc4fa913ed23170c14dadd,Unknown,699606616e8c0840c1a558be,Brown Mustard Seed,0.99,1.99,6,Centre of Store
Toronto,2026-02-20 02:12,2026-02-19 16:30,5ccc4fa913ed23170c14dadd,Unknown,699604c1042b09250418fbbd,Mughlai Korma,1.99,3.99,7,Centre of Store
Toronto,2026-02-20 02:12,2026-02-19 16:30,5ccc4fa913ed23170c14dadd,Unknown,6995d9a56e8c0840c195c758,Organic Vanilla Yogurt 3%,3.74,7.49,1,Centre of Store
Toronto,2026-02-20 02:12,2026-02-19 16:30,5ccc4fa913ed23170c14dadd,Unknown,6995d5423a1df4d16b46c524,"2% Minigo Duo Variety Pack, Blueberry-Strawberry/ Strawberry-Banana/ Banana-Blueberry Flavour ,6ct",1.75,3.5,5,Centre of Store
Toronto,2026-02-20 02:12,2026-02-19 16:30,5ccc4fa913ed23170c14dadd,Unknown,6995d4ef40f578fa9c08e5a4,"Yop 1% Drinkable Yogurt, Raspberry, Yogurt Drink",0.99,1.99,5,Centre of Store
Toronto,2026-02-20 02:12,2026-02-19 16:30,5ccc4fa913ed23170c14dadd,Unknown,6995d4df042b092504052972,"Banana Flavor Drinkable yogurt, 1MF",0.99,1.99,1,Centre of Store
Toronto,2026-02-20 02:12,2026-02-19 16:30,5ccc4fa913ed23170c14dadd,Unknown,6995d4d3046dcfd41e7afadb,"Yop 1% Drinkable Yogurt, Blueberry, Yogurt Drink",0.99,1.99,2,Centre of Store
Toronto,2026-02-20 02:12,2026-02-19 16:30,5ccc4fa913ed23170c14dadd,Unknown,6995d00a046dcfd41e79486a,Paczki - Lemon,1.5,6,2,Bakery
Toronto,2026-02-20 02:12,2026-02-19 16:30,5ccc4fa913ed23170c14dadd,Unknown,6995cfc5046dcfd41e793677,Paczki - Blueberry,1.5,6,3,Bakery
Toronto,2026-02-20 02:12,2026-02-19 16:30,5ccc4fa913ed23170c14dadd,Unknown,6995c6d86e8c0840c18ed160,Pork Loin Center Chop Boneless,4.17,8.35,1,Pork
Toronto,2026-02-20 02:12,2026-02-19 16:30,5ccc4fa913ed23170c14dadd,Unknown,6994f7003a1df4d16b251880,Blueberry Bagel,1,2.99,3,Bakery
Toronto,2026-02-20 02:12,2026-02-19 16:30,5ccc4fa913ed23170c14dadd,Unknown,6994f6cf3a1df4d16b2508c8,"Wonder Plus Hamburger Rolls, Whole Wheat",1,3.99,4,Bakery
Toronto,2026-02-20 02:12,2026-02-19 16:30,5ccc4fa913ed23170c14dadd,Unknown,6994c85bb00680d6dd206b89,Mixed Produce Box #934,3,3,1,Produce
Toronto,2026-02-20 02:12,2026-02-19 16:30,5ccc4fa913ed23170c14dadd,Unknown,69947caab00680d6dd00f34b,Breton Holiday Crackers,1.5,3,21,Grocery
Toronto,2026-02-20 02:12,2026-02-19 16:30,5ccc4fa913ed23170c14dadd,Unknown,69947bdf1af04775dafcb995,Beef Tripe,4.41,8.82,1,Meat
Toronto,2026-02-20 02:12,2026-02-19 16:30,5ccc4fa913ed23170c14dadd,Unknown,69947bd1b00680d6dd0098d4,Viva Puffs Candy Cane Cookies,2.49,4.99,19,Centre of Store
Toronto,2026-02-20 02:12,2026-02-19 16:30,5ccc4fa913ed23170c14dadd,Unknown,69947aedfb8f36e2bcc9bbd4,"Pork Souvlaki, Value Pack",8,16,5,Meat
Toronto,2026-02-20 02:12,2026-02-19 16:30,5ccc4fa913ed23170c14dadd,Unknown,6991f4122e0c6b02d54595c3,Pico De Gallo,1.5,3,41,Produce
Toronto,2026-02-20 02:12,2026-02-19 16:30,5ccc4fa913ed23170c14dadd,Unknown,698f555b2e0c6b02d5b7e44a,Cereal Vanilla Flavoured Sweetened Corn Puffs With Marshmallows,2.25,4.5,3,Centre of Store
Toronto,2026-02-20 02:12,2026-02-19 16:30,5fac3e09d7528a3c966b13cd,Unknown,69972254046dcfd41ebb30a5,100% Whole Wheat English Muffins,0.25,3.25,1,Bakery
Toronto,2026-02-20 02:12,2026-02-19 16:30,5fac3e09d7528a3c966b13cd,Unknown,69972237046dcfd41ebb2b84,NN Italian Buns,0.25,4,3,Bakery
Toronto,2026-02-20 02:12,2026-02-19 16:30,5fac3e09d7528a3c966b13cd,Unknown,69972211046dcfd41ebb1a7d,Whole Wheat Hot Dog Rolls,0.25,2.5,2,Bakery
Toronto,2026-02-20 02:12,2026-02-19 16:30,5fac3e09d7528a3c966b13cd,Unknown,6995bb9fbe0d6f980981350d,Garden Salad,1,1.99,34,Produce
Toronto,2026-02-20 02:12,2026-02-19 16:30,5fac3e09d7528a3c966b13cd,Unknown,6995bb44046dcfd41e7224bc,Whole Cremini Mushrooms,1,2.49,24,Produce
Toronto,2026-02-20 02:12,2026-02-19 16:30,5fac3e09d7528a3c966b13cd,Unknown,69792a7d5e28e9c60cc1c722,swift smoked bacon,4,4.29,7,Deli
Toronto,2026-02-20 02:12,2026-02-19 16:30,634d76784d2e0bb4e2e6bf20,Unknown,6995cf7040f578fa9c071d6d,Boneless Skinless Chicken Bjireejasts,7.5,15,15,Bakery
Toronto,2026-02-20 02:12,2026-02-19 16:30,634d76784d2e0bb4e2e6bf20,Unknown,6994890ffb8f36e2bcceab63,Extra Lean Ground Beef,5,10,1,Beef
Toronto,2026-02-20 02:12,2026-02-19 16:30,5ccc4fa913ed23170c14db03,Unknown,69972d6267cd77db0ade6f41,"Vegan Delight Coconut Milk, Lemon",1.94,7.99,1,Centre of Store
Toronto,2026-02-20 02:12,2026-02-19 16:30,5ccc4fa913ed23170c14db03,Unknown,69972d33042b092504560483,"Goat Yogurt, Vanilla 4.9%",1.94,7.49,2,Yogurt
Toronto,2026-02-20 02:12,2026-02-19 16:30,5ccc4fa913ed23170c14db03,Unknown,699721dc042b09250450d44d,Sikorski Polish Kolbassa,3.25,7.65,1,Deli
Toronto,2026-02-20 02:12,2026-02-19 16:30,5ccc4fa913ed23170c14db03,Unknown,699721916e8c0840c1d565f5,Sikorski Polish Kolbassa,3,7.42,2,Deli
Toronto,2026-02-20 02:12,2026-02-19 16:30,5ccc4fa913ed23170c14db03,Unknown,6997151d3a1df4d16b8b19a8,Mini Hummus Chickpea Dip And Spread,4.74,9.49,1,Deli
Toronto,2026-02-20 02:12,2026-02-19 16:30,5ccc4fa913ed23170c14db03,Unknown,6997137a042b0925044a2156,"Bread, Original White",0.94,4.29,1,Bakery
Toronto,2026-02-20 02:12,2026-02-19 16:30,5ccc4fa913ed23170c14db03,Unknown,6997136e3a1df4d16b8a5700,Original Bread,0.94,2.5,2,Bakery
Toronto,2026-02-20 02:12,2026-02-19 16:30,5ccc4fa913ed23170c14db03,Unknown,6997136b046dcfd41eb5cbdc,Natural Choice Mediterranean Chicken Breast,3,7.99,10,Deli
Toronto,2026-02-20 02:12,2026-02-19 16:30,5ccc4fa913ed23170c14db03,Unknown,69971352042b0925044a0d9d,100% Whole Wheat Bread,0.94,2.5,6,Bakery
Toronto,2026-02-20 02:12,2026-02-19 16:30,5ccc4fa913ed23170c14db03,Unknown,699713363a1df4d16b8a3b26,White Bread White Texas,0.94,3.99,4,Bakery
Toronto,2026-02-20 02:12,2026-02-19 16:30,5ccc4fa913ed23170c14db03,Unknown,69971323046dcfd41eb5a984,"Thin Sandwich Bread,White",0.94,3.99,9,Other
Toronto,2026-02-20 02:12,2026-02-19 16:30,5ccc4fa913ed23170c14db03,Unknown,69971308046dcfd41eb59da6,Gusto! Sesame Hamburger Buns,0.94,4.99,1,Bakery
Toronto,2026-02-20 02:12,2026-02-19 16:30,5ccc4fa913ed23170c14db03,Unknown,699712f7046dcfd41eb59a16,White Bread with Fibre,0.94,3.99,9,Bakery
Toronto,2026-02-20 02:12,2026-02-19 16:30,5ccc4fa913ed23170c14db03,Unknown,699712c8046dcfd41eb59469,Brizzolio Loaf,0.94,4.29,4,Bakery
Toronto,2026-02-20 02:12,2026-02-19 16:30,5ccc4fa913ed23170c14db03,Unknown,6996383a6e8c0840c1b44676,Mixed Produce Box #4,5,5,1,Produce
Toronto,2026-02-20 02:12,2026-02-19 16:30,5ccc4fa913ed23170c14db03,Unknown,699621a03a1df4d16b643dab,"Vegan Yogurt, Plain Coconut",3.74,7.49,2,Centre of Store
Toronto,2026-02-20 02:12,2026-02-19 16:30,5ccc4fa913ed23170c14db03,Unknown,6996027d042b092504180803,"Pork Center Chop, Bone In",11.47,22.95,1,Meat & Seafood
Toronto,2026-02-20 02:12,2026-02-19 16:30,5ccc4fa913ed23170c14db03,Unknown,6996026d042b092504180046,"Boneless Pork Loin Centre & Rib Chops, Club Pack",7.02,14.05,1,Pork
Toronto,2026-02-20 02:12,2026-02-19 16:30,5ccc4fa913ed23170c14db03,Unknown,699602213a1df4d16b58f81f,Mini-Sizzlers Breakfast Sausages,4.5,9,1,Meat
Toronto,2026-02-20 02:12,2026-02-19 16:30,5ccc4fa913ed23170c14db03,Unknown,699601bc042b09250417b5d7,Grain Fed Veal Loin Chops,6.55,13.11,1,Meat & Seafood
Toronto,2026-02-20 02:12,2026-02-19 16:30,5ccc4fa913ed23170c14db03,Unknown,699601ad046dcfd41e8a0d50,"Grain-Fed Stewing Veal, Diced Boneless",7.52,15.05,1,Other
Toronto,2026-02-20 02:12,2026-02-19 16:30,5ccc4fa913ed23170c14db03,Unknown,6995fa00042b09250414b221,"Pepperettes Sausage Sticks, European",4,12.49,9,Deli
Toronto,2026-02-20 02:12,2026-02-19 16:30,5ccc4fa913ed23170c14db03,Unknown,6995f82640f578fa9c15adbc,"Plant Based Black Bean, Corn and Sweet Potato Veggie Burgers",4.5,9,11,Meat
Toronto,2026-02-20 02:12,2026-02-19 16:30,5ccc4fa913ed23170c14db03,Unknown,6994b1911af04775da1309cc,Veggie Box #601,5,5,1,Produce
Toronto,2026-02-20 02:12,2026-02-19 16:30,5ccc4fa913ed23170c14db03,Unknown,6994a0b3b00680d6dd109066,Do chicken tortilla soup,2.94,8.99,11,HMR
Toronto,2026-02-20 02:12,2026-02-19 16:30,5ccc4fa913ed23170c14db03,Unknown,698f3268b00680d6dde47cd2,Sliced Pork Belly Korean Style,6.74,13.49,6,Meat
Toronto,2026-02-20 02:12,2026-02-19 16:30,5ccc4fa913ed23170c14db03,Unknown,698f31daef2f3a8ea5688740,Honey Garlic Pork Sausage,3.99,7.99,1,"Bacon, Sausages & Hot Dogs"
Toronto,2026-02-20 02:12,2026-02-19 16:30,5ccc4fa913ed23170c14db03,Unknown,698f30f92e0c6b02d5a7d2ce,Hot Italian Ground Pork Sausage Meat,4,8,1,Meat
Toronto,2026-02-20 02:12,2026-02-19 16:30,5ccc4fa913ed23170c14db03,Unknown,698a7056fa93dd8fad1accf4,Crunch Cool Mint Chocolate Energy Bar,1.64,3.29,6,Centre of Store
Toronto,2026-02-20 02:12,2026-02-19 16:30,5ccc4fa913ed23170c14db03,Unknown,698a6de7e5de2b13bb8cff64,"Fruit & Nut Energy Bar, Chocolate Chip",1.24,2.49,10,Centre of Store
Toronto,2026-02-20 02:12,2026-02-19 16:30,5ccc4fa913ed23170c14db03,Unknown,698a6cf1e5de2b13bb8cc857,"Fruit & Nut Energy Bar, Peanut Butter",1.24,2.49,18,Centre of Store
Toronto,2026-02-20 02:12,2026-02-19 16:30,5ccc4fa913ed23170c14db03,Unknown,698a6c4de5de2b13bb8ca593,Chocolate Chip Banana Bread,1.24,2.49,9,Centre of Store
Toronto,2026-02-20 02:12,2026-02-19 16:30,5ccc4fa913ed23170c14db03,Unknown,698a6c0ffa93dd8fad19a79b,"Fruit & Nut Energy Bar, Coconut Cream",1.24,2.49,7,Centre of Store
Toronto,2026-02-20 02:12,2026-02-19 16:30,5ccc4fa913ed23170c14db03,Unknown,698a6bc800c75e93fc8d6b4a,"Fruit & Nut Energy Bar, Apple",1.24,2.49,7,Pantry
Toronto,2026-02-20 02:12,2026-02-19 16:30,5ccc4fa913ed23170c14db03,Unknown,698a6b7cfa93dd8fad198175,Chewy-Nutty Peanut Chocolatey (Case),17.99,35.99,1,Centre of Store
Toronto,2026-02-20 02:12,2026-02-19 16:30,5ccc4fa913ed23170c14db03,Unknown,69723a670871d3225c839cc0,"Coffee Creamer, Chocolate-Covered Strawberry, Limited Edition",3.5,7,5,Centre of Store
Toronto,2026-02-20 02:12,2026-02-19 16:30,61548ce3e7112f0e5b073164,Unknown,69972e1ff9e149af23404bcd,Soft Sugar Cookies Vanilla Frosted,1.5,4,1,Bakery
Toronto,2026-02-20 02:12,2026-02-19 16:30,61548ce3e7112f0e5b073164,Unknown,69972e03a13de79833b147f7,14 Grains Bagel,1.5,3.99,1,Bakery
Toronto,2026-02-20 02:12,2026-02-19 16:30,61548ce3e7112f0e5b073164,Unknown,69972dc5a13de79833b132e6,"Bagel Everything, 6-Pack",0.75,2,1,Bakery
Toronto,2026-02-20 02:12,2026-02-19 16:30,61548ce3e7112f0e5b073164,Unknown,69972d983a1df4d16b961153,Whole Wheat English Muffins,0.75,2,2,Bakery
Toronto,2026-02-20 02:12,2026-02-19 16:30,61548ce3e7112f0e5b073164,Unknown,69972d71042b09250456230a,"Sliced Loaf Cakes Trio - Banana, Chocolate Chips, Lemon",3,7.5,1,Bakery
Toronto,2026-02-20 02:12,2026-02-19 16:30,61548ce3e7112f0e5b073164,Unknown,69972ce33a1df4d16b95c819,100% Whole Wheat Hotdog Buns 8pk,0.99,2.5,4,Bakery
Toronto,2026-02-20 02:12,2026-02-19 16:30,61548ce3e7112f0e5b073164,Unknown,69972c8ea13de79833b0b417,Ancient Grains Bread,1.25,3.25,2,Bakery
Toronto,2026-02-20 02:12,2026-02-19 16:30,61548ce3e7112f0e5b073164,Unknown,69972bf9f9e149af233f85ce,"Loaf Cake, Cinnamon Swirl",2,5,7,Bakery
Toronto,2026-02-20 02:12,2026-02-19 16:30,61548ce3e7112f0e5b073164,Unknown,69972bbf042b092504553ef9,Tomato Salsa Tortillas,1.5,4.19,16,Bakery
Toronto,2026-02-20 02:12,2026-02-19 16:30,61548ce3e7112f0e5b073164,Unknown,69972b773a1df4d16b951d46,White Greek Pita,0.7,1.49,20,Bakery
Toronto,2026-02-20 02:12,2026-02-19 16:30,61548ce3e7112f0e5b073164,Unknown,69972b1f3a1df4d16b94f15c,Chocolate Raspberry Muffins Pk 6,2,6.5,3,Bakery
Toronto,2026-02-20 02:12,2026-02-19 16:30,61548ce3e7112f0e5b073164,Unknown,69962d70046dcfd41e9770a9,Pineapple,1.5,3.99,33,Produce
Toronto,2026-02-20 02:12,2026-02-19 16:30,61548ce3e7112f0e5b073164,Unknown,69962ced6e8c0840c1b1055b,Cantaloupe,1,1.99,32,Produce
Toronto,2026-02-20 02:12,2026-02-19 16:30,61548ce3e7112f0e5b073164,Unknown,69962c5b40f578fa9c25f10e,Veggie Box #303,5,5,1,Produce
Toronto,2026-02-20 02:12,2026-02-19 16:30,61548ce3e7112f0e5b073164,Unknown,69935b4ffb8f36e2bca067f3,Cauliflower,1,4.49,10,Produce
Toronto,2026-02-20 02:12,2026-02-19 16:30,61548ce3e7112f0e5b073164,Unknown,69935aa7fb8f36e2bca040bb,Mixed Produce Box #104,4,4,1,Produce
Toronto,2026-02-20 02:12,2026-02-19 16:30,61548ce3e7112f0e5b073164,Unknown,6991cb3f1af04775da73db83,Cantaloupe,1.99,3.99,23,Produce
Toronto,2026-02-20 02:12,2026-02-19 16:30,61548ce3e7112f0e5b073164,Unknown,69907ff1b00680d6dd30251b,Cantaloupe,0.5,1.99,33,Produce
Toronto,2026-02-20 02:12,2026-02-19 16:30,61548ce3e7112f0e5b073164,Unknown,698bc890c4a187cb6c2585e0,Resolve Urine Destroyer 946ml,5,10,2,Centre Of Store
Toronto,2026-02-20 02:12,2026-02-19 16:30,61548ce3e7112f0e5b073164,Unknown,698bc77fff05ab02e95f6fc4,Fancy Clay Diya,0.75,1.5,17,Home & Entertainment
Toronto,2026-02-20 02:12,2026-02-19 16:30,61548ce3e7112f0e5b073164,Unknown,698bc0893b056c06def12621,Kellogg's Town house flat bread Italian herb,2.24,4.49,9,Grocery
Toronto,2026-02-20 02:12,2026-02-19 16:30,61548ce3e7112f0e5b073164,Unknown,698bc007e9be5bffd2fc794c,Coconut string,2,3.99,22,Grocery
Toronto,2026-02-20 02:12,2026-02-19 16:30,61548ce3e7112f0e5b073164,Unknown,698bba75c4a187cb6c21c4cb,Ice Sugar-Free Gum Intense,2,4,17,Centre of Store
Toronto,2026-02-20 02:12,2026-02-19 16:30,61548ce3e7112f0e5b073164,Unknown,69137289003600a5dda5bcf4,Paraffin Wax,5.49,10.99,1,Other
Toronto,2026-02-20 02:12,2026-02-19 16:30,61548ce3e7112f0e5b073164,Unknown,68c9d1e6b8c5cc3d31ce57cc,Pink Frosting Tube,1.39,2.79,21,Centre of Store
Toronto,2026-02-20 02:12,2026-02-19 16:30,5f2cdb2b9108010bf40533ee,Unknown,69965be6042b092504347450,"Yop 1% Drinkable Yogurt, Tropical, Yogurt Drink",0.64,1.29,24,Dairy
Toronto,2026-02-20 02:12,2026-02-19 16:30,5f2cdb2b9108010bf40533ee,Unknown,698f8e711af04775da0e20ac,Antipasto Quattro,6,12,1,Deli
Toronto,2026-02-20 02:12,2026-02-19 16:30,5f2cdb2b9108010bf40533ee,Unknown,6984188d1886d692c3481750,gummy rush tangerine,1,2,28,Grocery
Toronto,2026-02-20 02:12,2026-02-19 16:30,5f2cdb2b9108010bf40533ee,Unknown,6984180c2e4c73b147ca6c25,gummy rush,1,2,30,Grocery
Toronto,2026-02-20 02:12,2026-02-19 16:30,5f2cdb2b9108010bf40533ee,Unknown,698417231886d692c347ec40,lollipops,1.25,2.49,10,Grocery
Toronto,2026-02-20 02:12,2026-02-19 16:30,620d1d6410da110df3ef147b,Unknown,69973714042b0925045a58b9,Marble Coffee Cake,3,6,1,Bakery
Toronto,2026-02-20 02:12,2026-02-19 16:30,620d1d6410da110df3ef147b,Unknown,699736f467cd77db0ae20df5,"Mini Panettone, Classic",1.24,2.49,2,Centre of Store
Toronto,2026-02-20 02:12,2026-02-19 16:30,620d1d6410da110df3ef147b,Unknown,699736153a1df4d16b998bf2,Ancient Grains Bread,1.62,3.25,20,Bakery
Toronto,2026-02-20 02:12,2026-02-19 16:30,620d1d6410da110df3ef147b,Unknown,69874fdaccafe934a2740a86,apki Pasand cake rusk original,2.25,4.5,47,Bakery
Toronto,2026-02-20 02:12,2026-02-19 16:30,620d1d6410da110df3ef147b,Unknown,6978f5b91097b0382047f51a,L'Oreal Paris feria vegan natural soft black,8.85,17.69,3,HBA
Toronto,2026-02-20 02:12,2026-02-19 16:30,620d1d6410da110df3ef147b,Unknown,6973d821c889febbe756096a,Yardley London English Rose,9.49,18.99,13,HBA
Toronto,2026-02-20 02:12,2026-02-19 16:30,620d1d6410da110df3ef147b,Unknown,69668177713f3fcc8d773932,Everyday Detox Lemon Organic Wrapped Tea Bags,7.49,14.99,1,Centre of Store
Toronto,2026-02-20 02:12,2026-02-19 16:30,620d1d6410da110df3ef147b,Unknown,695e91f82ccab9bc554f3afd,Dry Shampoo Gift Pack,5.22,10.44,53,Centre of Store
Toronto,2026-02-20 02:12,2026-02-19 16:30,620d1d6410da110df3ef147b,Unknown,6925f3a1c9869a97e898a2e3,Ultra Sport™ Sunscreen Lotion SPF 50+,6.5,13,9,Centre of Store
Toronto,2026-02-20 02:12,2026-02-19 16:30,620d1d6410da110df3ef147b,Unknown,6925f2ba87763f27f4016fd7,"Ultra Sport™ Sunscreen Spray, SPF 50+",6.5,13,1,Centre of Store
Toronto,2026-02-20 02:12,2026-02-19 16:30,620d1d6410da110df3ef147b,Unknown,6925efb62ccdb46e8e5528e8,"Ultra Sport™ Sunscreen Spray, SPF 30",6.5,13,21,Centre of Store
Toronto,2026-02-20 02:12,2026-02-19 16:30,620d1d6410da110df3ef147b,Unknown,6925ee9069a3e2ddc8dc9e9d,"Ultra Sport™ Sunscreen Lotion, SPF 30",6.5,13,61,Centre of Store
Toronto,2026-02-20 02:12,2026-02-19 16:30,620d1d6410da110df3ef147b,Unknown,6904ed23cf8c0b11524eb9fe,Organic Bright Blends Pear Cherry Spinach Chia,1.39,2.79,16,Centre of Store
Toronto,2026-02-20 02:12,2026-02-19 16:30,620d1d6410da110df3ef147b,Unknown,69010ace21bdded16bf04975,Radiant Red Colour Protecting & Enhancing Conditioner,5.48,10.97,2,Beauty
Toronto,2026-02-20 02:12,2026-02-19 16:30,620d1d6410da110df3ef147b,Unknown,69010ab4e53e26c8badc1aff,Volume Lift Touchably Full Full Body Shampoo,6.49,12.99,6,Centre of Store
Toronto,2026-02-20 02:12,2026-02-19 16:30,620d1d6410da110df3ef147b,Unknown,68ed2d0cb118c0caa2de0294,Milk Rusk,2.24,4.49,19,Bakery
Toronto,2026-02-20 02:12,2026-02-19 16:30,5fa2e792eb077d102ffcccd1,Unknown,699498d4ef2f3a8ea55b5068,Mixed Produce Box #5,5,5,1,Produce
Toronto,2026-02-20 02:12,2026-02-19 16:30,5fa2e792eb077d102ffcccd1,Unknown,698f60b01af04775dafd16d4,Ibuprofen,5,10,4,HBA
Toronto,2026-02-20 02:12,2026-02-19 16:30,5fa2e792eb077d102ffcccd1,Unknown,698f606b1af04775dafcf96c,Muscle and Back pain relief,4,8,6,HBA
Toronto,2026-02-20 02:12,2026-02-19 16:30,5fa2e792eb077d102ffcccd1,Unknown,698f601a1af04775dafcd4ab,Stool Softener,3,6,6,HBA
Toronto,2026-02-20 02:12,2026-02-19 16:30,5fa2e792eb077d102ffcccd1,Unknown,698617b7ccafe934a23969f9,Knorr Beef,1,2,15,Grocery
Toronto,2026-02-20 02:12,2026-02-19 16:30,5fa2e792eb077d102ffcccce,Unknown,69974d5cf9e149af234b365f,Fruit Box #410,5,5,1,Produce
Toronto,2026-02-20 02:12,2026-02-19 16:30,5fa2e792eb077d102ffcccce,Unknown,69974c49f9e149af234ad72c,Veggie Box #409,6,6,1,Produce
Toronto,2026-02-20 02:12,2026-02-19 16:30,5fa2e792eb077d102ffcccce,Unknown,69974c21a13de79833bc5887,Veggie Box #408,6,6,1,Produce
Toronto,2026-02-20 02:12,2026-02-19 16:30,5fa2e792eb077d102ffcccce,Unknown,69974a6967cd77db0ae92850,Fruit Box #407,6,6,1,Produce
Toronto,2026-02-20 02:12,2026-02-19 16:30,5fa2e792eb077d102ffcccce,Unknown,69974a0bf9e149af234a11f6,Fruit Box #406,6,6,1,Produce
Toronto,2026-02-20 02:12,2026-02-19 16:30,5fa2e792eb077d102ffcccce,Unknown,699749d63a1df4d16ba20c0d,Fruit Box #405,6,6,1,Produce
Toronto,2026-02-20 02:12,2026-02-19 16:30,5fa2e792eb077d102ffcccce,Unknown,6997490d67cd77db0ae8bbf4,Veggie Box #404,5,5,1,Produce
Toronto,2026-02-20 02:12,2026-02-19 16:30,5fa2e792eb077d102ffcccce,Unknown,6997489f3a1df4d16ba194e6,Veggie Box #402,6,6,1,Produce
Toronto,2026-02-20 02:12,2026-02-19 16:30,5fa2e792eb077d102ffcccce,Unknown,6997487da13de79833bafb4e,Veggie Box #401,5,5,1,Produce
Toronto,2026-02-20 02:12,2026-02-19 16:30,5fa2e792eb077d102ffcccce,Unknown,69972790f9e149af233dee36,Jasmine Rice,2.49,4.99,1,Centre of Store
Toronto,2026-02-20 02:12,2026-02-19 16:30,5fa2e792eb077d102ffcccce,Unknown,699726d8f9e149af233da609,"Sour Patch Kids Watermelon Candy, Gummy Candy",0.87,1.75,2,Centre of Store
Toronto,2026-02-20 02:12,2026-02-19 16:30,5fa2e792eb077d102ffcccce,Unknown,6997193f40f578fa9c4697d7,Méditerranée 9% Yogurt Special Edition,2.24,4.49,1,Centre of Store
Toronto,2026-02-20 02:12,2026-02-19 16:30,5fa2e792eb077d102ffcccce,Unknown,6997191b6e8c0840c1d23a6f,"2% Minigo Duo Variety Pack, Blueberry-Strawberry/ Strawberry-Banana/ Banana-Blueberry Flavour ,6ct",1.89,3.79,5,Centre of Store
Toronto,2026-02-20 02:12,2026-02-19 16:30,5fa2e792eb077d102ffcccce,Unknown,699718d63a1df4d16b8cb1f3,"Yop 1% Drinkable Yogurt, Tropical, Yogurt Drink",0.49,1.29,29,Centre of Store
Toronto,2026-02-20 02:12,2026-02-19 16:30,5fa2e792eb077d102ffcccce,Unknown,699718bf3a1df4d16b8ca989,"Yop 1% Drinkable Yogurt, Raspberry, Yogurt Drink",0.64,1.29,6,Centre of Store
Toronto,2026-02-20 02:12,2026-02-19 16:30,5fa2e792eb077d102ffcccce,Unknown,69962fca3a1df4d16b6953e8,Pepperoni Semi-Dry Cured,1.5,5,5,Deli
Toronto,2026-02-20 02:12,2026-02-19 16:30,5fa2e792eb077d102ffcccce,Unknown,69962076042b09250422cee2,Veggie Box #319,5,5,1,Produce
Toronto,2026-02-20 02:12,2026-02-19 16:30,5fa2e792eb077d102ffcccce,Unknown,6996205b40f578fa9c22310c,Veggie Box #318,5,5,1,Produce
Toronto,2026-02-20 02:12,2026-02-19 16:30,5fa2e792eb077d102ffcccce,Unknown,69961f55042b0925042261a9,Veggie Box #317,5,5,1,Produce
Toronto,2026-02-20 02:12,2026-02-19 16:30,5fa2e792eb077d102ffcccce,Unknown,69961f2e6e8c0840c1acf067,Veggie Box #316,4,4,1,Produce
Toronto,2026-02-20 02:12,2026-02-19 16:30,5fa2e792eb077d102ffcccce,Unknown,69961ef5046dcfd41e92eab6,Veggie Box #314,4,4,1,Produce
Toronto,2026-02-20 02:12,2026-02-19 16:30,5fa2e792eb077d102ffcccce,Unknown,69961230046dcfd41e8f1fb7,Fruit Box #308,4.5,4.5,1,Produce
Toronto,2026-02-20 02:12,2026-02-19 16:30,5fa2e792eb077d102ffcccce,Unknown,6996019a40f578fa9c18e7d9,Fruit Box #307,4.5,4.5,1,Produce
Toronto,2026-02-20 02:12,2026-02-19 16:30,5fa2e792eb077d102ffcccce,Unknown,6995ffa7042b09250416f079,Mixed Produce Box #302,4.5,4.5,1,Produce
Toronto,2026-02-20 02:12,2026-02-19 16:30,5fa2e792eb077d102ffcccce,Unknown,6995ff7840f578fa9c1835a5,Veggie Box #301,4,4,1,Produce
Toronto,2026-02-20 02:12,2026-02-19 16:30,5fa2e792eb077d102ffcccce,Unknown,6995d3466e8c0840c1936253,"damaged Activa Yogurt Drink, Mixed Berries, Immune System",2.5,5,2,Centre of Store
Toronto,2026-02-20 02:12,2026-02-19 16:30,5fa2e792eb077d102ffcccce,Unknown,6995d034046dcfd41e7959f5,damaged Activa Vanilla/Blueberry/Strawberry-Kiwi/Peach,3.25,6.5,1,Centre of Store
Toronto,2026-02-20 02:12,2026-02-19 16:30,5fa2e792eb077d102ffcccce,Unknown,6995cac3046dcfd41e777f6b,"damage Activa Yogurt Fibre Strawberry, Wildberry, Mango",3.25,6.5,4,Centre of Store
Toronto,2026-02-20 02:12,2026-02-19 16:30,5fa2e792eb077d102ffcccce,Unknown,69924193b00680d6dda1f94b,Dairy Free Gluten Free Key Lime Plant-Based Cheesecake Dessert,4.99,9.99,3,Centre of Store
Toronto,2026-02-20 02:12,2026-02-19 16:30,5fa2e792eb077d102ffcccce,Unknown,698f914b6b722fca3c658a29,"Pepperoni, Sliced",1.5,6,2,Meat
Toronto,2026-02-20 02:12,2026-02-19 16:30,5fa2e792eb077d102ffcccce,Unknown,698e7fd62e0c6b02d5919ed5,EXP DEC 2026 benylin for children bubble gum (slightly damaged),2.99,5.99,1,OTC
Toronto,2026-02-20 02:12,2026-02-19 16:30,5fa2e792eb077d102ffcccce,Unknown,698e6c8b1af04775dacdf9c3,Cream Healing EXP NOV 2026,4.99,10.99,1,Centre of Store
Toronto,2026-02-20 02:12,2026-02-19 16:30,5fa2e792eb077d102ffcccce,Unknown,698e38849bcb5948f002d936,"Cocktail Peanuts, Roasted & Salted",1.75,3.5,1,Centre of Store
Toronto,2026-02-20 02:12,2026-02-19 16:30,5fa2e792eb077d102ffcccce,Unknown,6989e62089dc00ce489fe632,Decaffeinated Ground Coffee Classic Decaf,6.5,19.49,1,Centre of Store
Toronto,2026-02-20 02:12,2026-02-19 16:30,5fa2e792eb077d102ffcccce,Unknown,694c34ce2f6c97668882cc93,Life Brand Naproxen,4.99,18.5,1,OTC
Toronto,2026-02-20 02:12,2026-02-19 16:30,5fa2e792eb077d102ffcccce,Unknown,694461214a79ce3b1d6c1180,expiry Nov 2026 A+ Milk-Based Iron Fortified Infant Formula Serenity 0-12 Months expiry Nov 2026,20,52.99,4,Centre of Store
Detroit,2026-02-20 02:13,2026-02-19 16:30,5f766efd06e2381086a9acbd,Unknown,699717b9046dcfd41eb78917,Fruit Box #503,2,2,1,Produce
Detroit,2026-02-20 02:13,2026-02-19 16:30,63b71852b6650d534d7adad9,Unknown,69974d1a3a1df4d16ba367aa,CERTIFIED ANGUS BEEF BUTTER FLAVORED CHUCK ROAST,10,25.46,3,Meat
Detroit,2026-02-20 02:13,2026-02-19 16:30,63b71852b6650d534d7adad9,Unknown,69974cf43a1df4d16ba3523c,FFM CERTIFIED ANGUS BEEF CHUCK STK VARIOUS WEIGHTS,150,300,10,Meat
Detroit,2026-02-20 02:13,2026-02-19 16:30,63b71852b6650d534d7adad9,Unknown,69974cb0f9e149af234afd6d,FFM PORK SPARERIB ALL NATURAL VARIOUS WEIGHTS,5,9.63,6,Meat
Detroit,2026-02-20 02:13,2026-02-19 16:30,63b71852b6650d534d7adad9,Unknown,699722e0f9e149af233c3c6e,FREDERIKS GRMT TOFFEE MILK CHOC CARAMEL APPLE 1 CT,2,7.99,7,Produce
Detroit,2026-02-20 02:13,2026-02-19 16:30,63b71852b6650d534d7adad9,Unknown,699722c28281ac2748798396,FREDERIKS GOURMET TRIPLE CHOC CARAMEL APPLE 1 CT,2,7.99,3,Produce
Detroit,2026-02-20 02:13,2026-02-19 16:30,63b71852b6650d534d7adad9,Unknown,699722aaf9e149af233c2846,FREDERIKS GOURMET MINI M&M CARAMEL APPLE 1 CT,2,7.99,12,Produce
Detroit,2026-02-20 02:13,2026-02-19 16:30,63b71852b6650d534d7adad9,Unknown,6997225e6e8c0840c1d5b0c4,FREDERIKS GOURMET PEANUT CARAMEL APPLE 1 CT,2,7.99,4,Produce
Detroit,2026-02-20 02:13,2026-02-19 16:30,63b71852b6650d534d7adad9,Unknown,69971e366e8c0840c1d41f37,FFM CHORIZO GROUND FRESH,0.99,3.99,7,Packaged meat
Detroit,2026-02-20 02:13,2026-02-19 16:30,63b71852b6650d534d7adad9,Unknown,69971e1f3a1df4d16b8f0ca7,FRESH CHEESE AND WINE ITALIAN SAUSAGE,1.99,7.29,1,Packaged meat
Detroit,2026-02-20 02:13,2026-02-19 16:30,63b71852b6650d534d7adad9,Unknown,69968568046dcfd41ea8eb1e,FFM PIE DUTCH APPLE 10,4.99,9.99,1,Bakery
Detroit,2026-02-20 02:13,2026-02-19 16:30,63b71852b6650d534d7adad9,Unknown,6996851a40f578fa9c37e3a2,all butter croissants,2.79,5.59,1,Bakery
Detroit,2026-02-20 02:13,2026-02-19 16:30,63b71852b6650d534d7adad9,Unknown,699684813a1df4d16b7badf5,cinnamon raisin bread sliced,2.99,5.99,1,Bakery
Detroit,2026-02-20 02:13,2026-02-19 16:30,63b71852b6650d534d7adad9,Unknown,69968471046dcfd41ea8d160,banana muffins,2.64,5.29,1,Bakery
Detroit,2026-02-20 02:13,2026-02-19 16:30,63b71852b6650d534d7adad9,Unknown,6996845e40f578fa9c37d1f6,classic Italian table bread unslice,0.59,1.19,1,Bakery
Detroit,2026-02-20 02:13,2026-02-19 16:30,63b71852b6650d534d7adad9,Unknown,699684316e8c0840c1c2ece4,15ct strudel  bites apple,2.24,4.49,2,Bakery
Detroit,2026-02-20 02:13,2026-02-19 16:30,63b71852b6650d534d7adad9,Unknown,6995f2f9046dcfd41e8530af,Mixed Produce Box #406,5,5,1,Produce
Detroit,2026-02-20 02:13,2026-02-19 16:30,63b71852b6650d534d7adad9,Unknown,6995f2d7042b092504118704,Mixed Produce Box #404,5,5,1,Produce
Detroit,2026-02-20 02:13,2026-02-19 16:30,63b71852b6650d534d7adad9,Unknown,6995f293042b092504116599,Mixed Produce Box #402,5,5,1,Produce
Detroit,2026-02-20 02:13,2026-02-19 16:30,63b71852b6650d534d7adad9,Unknown,6995f221042b092504112b96,Mixed Produce Box #401,5,5,1,Produce
Detroit,2026-02-20 02:13,2026-02-19 16:30,63b71852b6650d534d7adad9,Unknown,69941e46fb8f36e2bcbc5a70,Veggie Box #322,5,5,1,Produce
Detroit,2026-02-20 02:13,2026-02-19 16:30,63b71852b6650d534d7adad9,Unknown,6993f252fb8f36e2bcbb3fa9,FENNEL ANISE EACH,0.99,2.49,4,Produce
Detroit,2026-02-20 02:13,2026-02-19 16:30,63b71852b6650d534d7adad9,Unknown,6993f0f0fb8f36e2bcbb2df1,CELERY HEARTS,1.49,2.99,7,Produce
Detroit,2026-02-20 02:13,2026-02-19 16:30,63b71852b6650d534d7adad9,Unknown,6993e999b00680d6ddee835c,MULTICOLOR MINI SWEET PEPPER 1 LB,1.49,3.49,1,Produce
Detroit,2026-02-20 02:13,2026-02-19 16:30,63b71852b6650d534d7adad9,Unknown,6993e7a7fb8f36e2bcbab33b,Veggie Box #320,5,5,1,Produce
Detroit,2026-02-20 02:13,2026-02-19 16:30,63b71852b6650d534d7adad9,Unknown,6993e789ef2f3a8ea542f08c,Veggie Box #318,5,5,1,Produce
Detroit,2026-02-20 02:13,2026-02-19 16:30,63b71852b6650d534d7adad9,Unknown,6993e77eb00680d6ddee630c,Veggie Box #317,5,5,1,Produce
Detroit,2026-02-20 02:13,2026-02-19 16:30,63b71852b6650d534d7adad9,Unknown,6993dfd11af04775daeb093d,ROMAINE HEARTS 3 PK,1.49,3.89,3,Produce
Detroit,2026-02-20 02:13,2026-02-19 16:30,63b71852b6650d534d7adad9,Unknown,6993d5ccb00680d6ddecc370,Mixed Produce Box #314,10,10,1,Produce
Detroit,2026-02-20 02:13,2026-02-19 16:30,63b71852b6650d534d7adad9,Unknown,6993d1322e0c6b02d5aa49bd,HEAD LETTUCE EACH,0.79,2.19,6,Produce
Detroit,2026-02-20 02:13,2026-02-19 16:30,63b71852b6650d534d7adad9,Unknown,6993c6de1af04775dae7e162,Fruit Box #303,5,5,1,Produce
Detroit,2026-02-20 02:13,2026-02-19 16:30,63b71852b6650d534d7adad9,Unknown,69709cac195c11bef77bcf64,BENSONS VILLAGE FAIR FRUIT CAKE,2.99,5.99,5,Bakery
Detroit,2026-02-20 02:13,2026-02-19 16:30,5f766f081673e04ebe6374dd,Unknown,69972c38042b092504557b2e,Fruit Box #2,5,5,1,Produce
Detroit,2026-02-20 02:13,2026-02-19 16:30,5f766f081673e04ebe6374dd,Unknown,6995ee0840f578fa9c11cf87,Mixed Produce Box #55,5,5,1,Produce
Detroit,2026-02-20 02:13,2026-02-19 16:30,5f766f081673e04ebe6374dd,Unknown,6995edf16e8c0840c19d0e1c,Fruit Box #54,5,5,1,Produce
Detroit,2026-02-20 02:13,2026-02-19 16:30,5f766f081673e04ebe6374dd,Unknown,6995eddf3a1df4d16b50dbc6,Mixed Produce Box #53,5,5,1,Produce
Detroit,2026-02-20 02:13,2026-02-19 16:30,5f766f081673e04ebe6374dd,Unknown,6995edb86e8c0840c19cfade,Mixed Produce Box #52,5,5,1,Produce
Detroit,2026-02-20 02:13,2026-02-19 16:30,5f766f081673e04ebe6374dd,Unknown,6995dfb5042b09250409cb7b,Veggie Box #49,5,5,1,Produce
Detroit,2026-02-20 02:13,2026-02-19 16:30,5f766f081673e04ebe6374dd,Unknown,6995df9040f578fa9c0ca631,Mixed Produce Box #47,5,5,1,Produce
Detroit,2026-02-20 02:13,2026-02-19 16:30,5f766f081673e04ebe6374dd,Unknown,6995df7f6e8c0840c198007d,Veggie Box #46,5,5,1,Produce
Detroit,2026-02-20 02:13,2026-02-19 16:30,5f766f081673e04ebe6374dd,Unknown,6995df68042b09250409ac76,Veggie Box #45,5,5,1,Produce
Detroit,2026-02-20 02:13,2026-02-19 16:30,5f766f081673e04ebe6374dd,Unknown,6995df516e8c0840c197ef89,Veggie Box #44,5,5,1,Produce
Detroit,2026-02-20 02:13,2026-02-19 16:30,5f766f081673e04ebe6374dd,Unknown,6995df0f6e8c0840c197d8e3,Veggie Box #43,5,5,1,Produce
Detroit,2026-02-20 02:13,2026-02-19 16:30,5f766f081673e04ebe6374dd,Unknown,6995deea042b0925040979c0,Veggie Box #41,5,5,1,Produce
Detroit,2026-02-20 02:13,2026-02-19 16:30,5f766f081673e04ebe6374dd,Unknown,6995ded56e8c0840c197b462,Veggie Box #40,5,5,1,Produce
Detroit,2026-02-20 02:13,2026-02-19 16:30,5f766f081673e04ebe6374dd,Unknown,69948c09b00680d6dd07c25c,Veggie Box #31,5,5,1,Produce
Detroit,2026-02-20 02:13,2026-02-19 16:30,5f766f081673e04ebe6374dd,Unknown,69948bf7fb8f36e2bccfabc1,Veggie Box #30,5,5,1,Produce
Detroit,2026-02-20 02:13,2026-02-19 16:30,5f766f081673e04ebe6374dd,Unknown,69948bc8fb8f36e2bccf9be5,Veggie Box #26,5,5,1,Produce
Detroit,2026-02-20 02:13,2026-02-19 16:30,5f766f081673e04ebe6374dd,Unknown,69948b9def2f3a8ea5573f56,Fruit Box #22,5,5,1,Produce
Detroit,2026-02-20 02:13,2026-02-19 16:30,5f766f081673e04ebe6374dd,Unknown,69948b921af04775da034074,Fruit Box #21,5,5,1,Produce
Detroit,2026-02-20 02:13,2026-02-19 16:30,5f766f081673e04ebe6374dd,Unknown,69948b87b00680d6dd0777cb,Fruit Box #20,5,5,1,Produce
Detroit,2026-02-20 02:13,2026-02-19 16:30,5f766f081673e04ebe6374dd,Unknown,699478c5ef2f3a8ea550b9ad,COUNTRY FRESH MILK 2% 1/2 GAL,1.44,2.89,1,Dairy
Detroit,2026-02-20 02:13,2026-02-19 16:30,5f766f081673e04ebe6374dd,Unknown,6994788b2e0c6b02d5bc6877,COUNTRY FRESH MILK 2% GAL,2.24,4.49,2,Dairy
Detroit,2026-02-20 02:13,2026-02-19 16:30,5f766f081673e04ebe6374dd,Unknown,69933667fb8f36e2bc95b537,Fruit Box #102,5,5,1,Produce
Detroit,2026-02-20 02:13,2026-02-19 16:30,5f766f081673e04ebe6374dd,Unknown,6990b1b31af04775da45f267,MARBURGER DAIRY BUTTERMILK GOURMET 32 OZ,1.59,3.19,10,Dairy
Detroit,2026-02-20 02:13,2026-02-19 16:30,5f766f081673e04ebe6374dd,Unknown,699069126b722fca3c7e9d3d,COUNTRY FRESH MILK 2% GAL,2.24,4.49,2,Dairy
Detroit,2026-02-20 02:13,2026-02-19 16:30,5f766f081673e04ebe6374e3,Unknown,69964af740f578fa9c2e1f62,Mixed Produce Box #2,5,5,1,Produce
Detroit,2026-02-20 02:13,2026-02-19 16:30,5f766f081673e04ebe6374e3,Unknown,69964add3a1df4d16b715b1c,Mixed Produce Box #1,5,5,1,Produce
Detroit,2026-02-20 02:13,2026-02-19 16:30,5f766f081673e04ebe6374e3,Unknown,69964ab740f578fa9c2e12d4,Veggie Box #1,5,5,1,Produce
Detroit,2026-02-20 02:13,2026-02-19 16:30,5f766f081673e04ebe6374e3,Unknown,69964aa23a1df4d16b714df1,Fruit Box #1,5,5,1,Produce
Detroit,2026-02-20 02:13,2026-02-19 16:30,5f766f081673e04ebe6374e3,Unknown,699649b2042b092504302b4f,Fruit Box #2,5,5,1,Produce
Detroit,2026-02-20 02:13,2026-02-19 16:30,5f766f081673e04ebe6374d3,Unknown,6997312767cd77db0adffef3,FFM MILD ITALIAN GROUND PORK SAUSAGE PLU 54,3.19,6.39,1,Meat
Detroit,2026-02-20 02:13,2026-02-19 16:30,5f766f081673e04ebe6374d3,Unknown,6997311367cd77db0adff4ec,FFM MILD ITALIAN GROUND PORK SAUSAGE PLU 54,3.2,6.41,1,Meat
Detroit,2026-02-20 02:13,2026-02-19 16:30,5f766f081673e04ebe6374d3,Unknown,69973108f9e149af23416344,FFM MILD ITALIAN GROUND PORK SAUSAGE PLU 54,2.74,5.49,1,Meat
Detroit,2026-02-20 02:13,2026-02-19 16:30,5f766f081673e04ebe6374d3,Unknown,699730f6042b09250457cc08,FFM MILD ITALIAN GROUND PORK SAUSAGE PLU 54,3.21,6.43,1,Meat
Detroit,2026-02-20 02:13,2026-02-19 16:30,5f766f081673e04ebe6374d3,Unknown,699730eca13de79833b268be,FFM MILD ITALIAN GROUND PORK SAUSAGE PLU 54,3.51,7.02,1,Meat
Detroit,2026-02-20 02:13,2026-02-19 16:30,5f766f081673e04ebe6374d3,Unknown,699730bef9e149af23414db6,FFM MILD ITALIAN GROUND PORK SAUSAGE PLU 54,3.28,6.56,1,Meat
Detroit,2026-02-20 02:13,2026-02-19 16:30,5f766f081673e04ebe6374d3,Unknown,699730873a1df4d16b975d0f,FFM GROUND PORK SAUSAGE BULK PLU 52,3.24,6.49,1,Meat
Detroit,2026-02-20 02:13,2026-02-19 16:30,5f766f081673e04ebe6374d3,Unknown,69973074f9e149af234132dd,FFM GROUND PORK CHORIZO PLU 53,2.35,4.71,1,Meat
Detroit,2026-02-20 02:13,2026-02-19 16:30,5f766f081673e04ebe6374d3,Unknown,6997305c3a1df4d16b974db6,FFM GROUND PORK CHORIZO PLU 53,2.74,5.49,1,Meat
Detroit,2026-02-20 02:13,2026-02-19 16:30,5f766f081673e04ebe6374d3,Unknown,6997304d67cd77db0adf9817,FFM GROUND PORK CHORIZO PLU 53,3.54,7.08,1,Meat
Detroit,2026-02-20 02:13,2026-02-19 16:30,5f766f081673e04ebe6374d3,Unknown,6997302e042b092504576b50,FFM CC MOCK CHICKEN LEGS,2.82,5.63,1,Meat
Detroit,2026-02-20 02:13,2026-02-19 16:30,5f766f081673e04ebe6374d3,Unknown,6997301a67cd77db0adf83c3,FFM CC MOCK CHICKEN LEGS,2.77,5.54,1,Meat
Detroit,2026-02-20 02:13,2026-02-19 16:30,5f766f081673e04ebe6374d3,Unknown,6997300967cd77db0adf79b8,FFM CC MOCK CHICKEN LEGS,2.75,5.51,1,Meat
Detroit,2026-02-20 02:13,2026-02-19 16:30,5f766f081673e04ebe6374d3,Unknown,69972ff8f9e149af23410bbf,FFM CC MOCK CHICKEN LEGS,3.79,7.58,1,Meat
Detroit,2026-02-20 02:13,2026-02-19 16:30,5f766f081673e04ebe6374d3,Unknown,69963859046dcfd41e9ab247,BREAD ITALIAN CLASSIC,0.59,1.19,2,Bakery
Detroit,2026-02-20 02:13,2026-02-19 16:30,5f766f081673e04ebe6374d3,Unknown,6996384e042b0925042b2bc3,FFM CREME CAKE RING LEMON TOPPED,3.24,6.49,2,Bakery
Detroit,2026-02-20 02:13,2026-02-19 16:30,5f766f081673e04ebe6374d3,Unknown,699638416e8c0840c1b44852,FFM YEAST DONUT APPLE FRITTER 4CT,1.49,2.99,2,Bakery
Detroit,2026-02-20 02:13,2026-02-19 16:30,5f766f081673e04ebe6374d3,Unknown,69963834046dcfd41e9aac33,FFM MUFFIN CHOC CHIP 4CT,2.64,5.29,1,Bakery
Detroit,2026-02-20 02:13,2026-02-19 16:30,5f766f081673e04ebe6374d3,Unknown,6996380440f578fa9c2961ba,FFM 5PK UNSLICED ASIAGO BAGELS,2.24,4.49,1,Bakery
Detroit,2026-02-20 02:13,2026-02-19 16:30,5f766f081673e04ebe6374d3,Unknown,699637f040f578fa9c295b4d,FFM STRUDEL BITES APPLE 15CT,2.24,4.49,2,Bakery
Detroit,2026-02-20 02:13,2026-02-19 16:30,5f766f081673e04ebe6374d3,Unknown,699637e2046dcfd41e9a9aea,FFM PIE APPLE 10,4.99,9.99,2,Bakery
Detroit,2026-02-20 02:13,2026-02-19 16:30,5f766f081673e04ebe6374d3,Unknown,699637c66e8c0840c1b42224,FFM STRUDEL BITES CHERRY 15 CT,2.24,4.49,1,Bakery
Detroit,2026-02-20 02:13,2026-02-19 16:30,5f766f081673e04ebe6374d3,Unknown,699637b8046dcfd41e9a8cfe,FFM MINI MUFFIN LEMON POPPYSEED 12CT,2.74,5.49,4,Bakery
Detroit,2026-02-20 02:13,2026-02-19 16:30,5f766f081673e04ebe6374d3,Unknown,699637a3042b0925042aef99,FFM PIE LEMON MERINGUE 8,4.24,8.49,1,Bakery
Detroit,2026-02-20 02:13,2026-02-19 16:30,5f766f081673e04ebe6374d3,Unknown,6996378440f578fa9c2932f9,FFM PIE CHERRY 8,3.14,6.29,1,Bakery
Detroit,2026-02-20 02:13,2026-02-19 16:30,5f766f081673e04ebe6374d3,Unknown,6995fdd1042b092504163fc5,CM PINWHEELS CHICKEN BACON RANCH 6.5 OZ,2.49,4.99,2,Deli
Detroit,2026-02-20 02:13,2026-02-19 16:30,5f766f081673e04ebe6374d3,Unknown,6995fdbb3a1df4d16b5767a9,FFM SALAD TUNA 12 OZ,2.99,5.99,1,Deli
Detroit,2026-02-20 02:13,2026-02-19 16:30,5f766f081673e04ebe6374d3,Unknown,6995fdad40f578fa9c17968c,CM SUB CHICKEN CHEDDAR 11 OZ,2.99,5.99,1,Deli
Detroit,2026-02-20 02:13,2026-02-19 16:30,5f766f081673e04ebe6374d3,Unknown,6994f121042b092504e10558,FRESH FROM MEIJER 18OZ CORNBREAD,2.49,4.99,1,Bakery
Detroit,2026-02-20 02:13,2026-02-19 16:30,5f766f081673e04ebe6374d3,Unknown,6994ac7cb00680d6dd15db34,RESERS SALAD PASTA GARDEN 16 OZ,2.99,5.99,1,Deli
Detroit,2026-02-20 02:13,2026-02-19 16:30,5f766f081673e04ebe6374d3,Unknown,6994ac1afb8f36e2bcdadbca,FFM POTATO SALAD AMERICAN 1 LB,1.79,3.59,4,Deli
Detroit,2026-02-20 02:13,2026-02-19 16:30,5f766f081673e04ebe6374d3,Unknown,6970eb3c544f613a9c83d95d,PAPAS KITCHEN VINAIGRETTE FRESH HERB 12 OZ,4.49,8.99,5,Produce
Detroit,2026-02-20 02:13,2026-02-19 16:30,5f766f081673e04ebe6374d3,Unknown,696cfb4c544f613a9cb8a2b2,BETTYS DRESSING 16 OZ,2.99,5.99,8,Produce
Detroit,2026-02-20 02:13,2026-02-19 16:30,67f022817b5f59b1bba8c7ff,Unknown,6983341808f58a8cb0f72d1c,pre 100% grass-fed and finished beef filet mignon steak,9.99,17.59,6,Food & Beverage
Detroit,2026-02-20 02:13,2026-02-19 16:30,67f022817b5f59b1bba8c7ff,Unknown,698333b356e98db9016f6425,Pre Grass-Fed Petite Sirloin Steak,10.99,15.99,1,Food & Beverage
Detroit,2026-02-20 02:13,2026-02-19 16:30,67f022817b5f59b1bba8c7ff,Unknown,6978ec125e28e9c60caa12e5,Bell and Evans Turkey,30,88,3,Food & Beverage
Detroit,2026-02-20 02:13,2026-02-19 16:30,67f022817b5f59b1bba8c7ff,Unknown,6978e24a1097b038203febbb,pre 100% grass-fed and finished beef filet mignon steak,8.8,17.59,12,Food & Beverage
Detroit,2026-02-20 02:13,2026-02-19 16:30,67f022817b5f59b1bba8c7ff,Unknown,69025979b1fd2b79b53acb23,Little Rae's bakery,1.99,11.79,8,Food & Beverage
Detroit,2026-02-20 02:13,2026-02-19 16:30,67f022817b5f59b1bba8c7ff,Unknown,6902583cb1fd2b79b53a5466,Little Rae's bakery,1.99,11.79,9,Brands
Detroit,2026-02-20 02:13,2026-02-19 16:30,65b28a862f4530e32514d6cc,Unknown,69011307b1fd2b79b5edcf3e,GoMacro Peanut Butter Chocolate Chip Protein Bar (2.4 oz),1.26,4.19,69,Snacks
Detroit,2026-02-20 02:13,2026-02-19 16:30,65b28a862f4530e32514d6cc,Unknown,68d8d84c1fa87f563e071b0e,Dramamine Children's Motion Sickness Relief Chewable Tablets Grape Flavor 25 mg (8 ct),3.3,6.59,1,
Detroit,2026-02-20 02:13,2026-02-19 16:30,65b28a862f4530e32514d6cc,Unknown,67f579997c8300074502d9da,Orajel Baby Daytime & Nighttime Non-Medicated Cooling Gels for Teething (0.18 oz x 2 ct),3.56,8.89,3,Baby
Detroit,2026-02-20 02:13,2026-02-19 16:30,5f766f081673e04ebe6374d0,Unknown,699751c367cd77db0aebd3ee,Fruit Box #2223,5,5,1,Produce
Detroit,2026-02-20 02:13,2026-02-19 16:30,5f766f081673e04ebe6374d0,Unknown,6997514af9e149af234c93bf,Veggie Box #2222,5,5,1,Produce
Detroit,2026-02-20 02:13,2026-02-19 16:30,5f766f081673e04ebe6374d0,Unknown,699750fda13de79833be1072,Veggie Box #22221,5,5,1,Produce
Detroit,2026-02-20 02:13,2026-02-19 16:30,5f766f081673e04ebe6374d0,Unknown,69949897b00680d6dd0d2753,Fruit Box #2204,5,5,1,Produce
Detroit,2026-02-20 02:13,2026-02-19 16:30,5f766f081673e04ebe6374d0,Unknown,6994987eef2f3a8ea55b2f8c,Fruit Box #2203,5,5,1,Produce
Detroit,2026-02-20 02:13,2026-02-19 16:30,5f766f081673e04ebe6374d0,Unknown,699498712e0c6b02d5ca5417,Fruit Box #2202,5,5,1,Produce
Detroit,2026-02-20 02:13,2026-02-19 16:30,5f766f081673e04ebe6374d0,Unknown,6994985fb00680d6dd0d0b39,Fruit Box #2201,5,5,1,Produce
Detroit,2026-02-20 02:13,2026-02-19 16:30,5f766f081673e04ebe6374d8,Unknown,6996549d40f578fa9c304342,FFM SCONE CHOCOLATE CHUNK 8 CT,2.49,4.99,6,Bakery
Detroit,2026-02-20 02:13,2026-02-19 16:30,5f766f081673e04ebe6374d8,Unknown,6995b532042b092504f7b51f,Veggie Box #3,5,5,1,Produce
Detroit,2026-02-20 02:13,2026-02-19 16:30,5f766f081673e04ebe6374d8,Unknown,6995b5143a1df4d16b39249f,Veggie Box #2,5,5,1,Produce
Detroit,2026-02-20 02:13,2026-02-19 16:30,5f766f081673e04ebe6374d8,Unknown,6994bede1af04775da17e81f,FFM DICED PEPPER BLEND 7 OZ,1.99,3.99,1,Produce
Detroit,2026-02-20 02:13,2026-02-19 16:30,5f766f081673e04ebe6374d8,Unknown,6994beb3b00680d6dd1cdb29,PERO FF ORGANIC CAULIFLOWER FLORETS 8 OZ,1.75,4.19,1,Produce
Detroit,2026-02-20 02:13,2026-02-19 16:30,5f766f081673e04ebe6374d8,Unknown,6994be451af04775da17abf1,FFM DICED TOMATO 7 OZ,1.49,2.99,4,Produce
Detroit,2026-02-20 02:13,2026-02-19 16:30,5f766f081673e04ebe6374d8,Unknown,6994be31fb8f36e2bce0bcea,FFM GUACAMOLE SPICY 8 OZ,1.99,3.99,1,Produce
Detroit,2026-02-20 02:13,2026-02-19 16:30,5f766f081673e04ebe6374d8,Unknown,6994be19b00680d6dd1c9a67,PERO FF ORGANIC VEGETABLE MEDLEY 9 OZ,2.29,4.59,9,Produce
Detroit,2026-02-20 02:13,2026-02-19 16:30,5f766f081673e04ebe6374d8,Unknown,6994bdc82e0c6b02d5d9347b,FFM CELERY STICKS 13 OZ,2,4.99,2,Produce
Detroit,2026-02-20 02:13,2026-02-19 16:30,5f766efd06e2381086a9acbf,Unknown,69974f7cf9e149af234bedaf,Fruit Box #3218,5,5,1,Produce
Detroit,2026-02-20 02:13,2026-02-19 16:30,5f766efd06e2381086a9acbf,Unknown,69974f07a13de79833bd7d3f,Mixed Produce Box #3217,5,5,1,Produce
Detroit,2026-02-20 02:13,2026-02-19 16:30,5f766efd06e2381086a9acbf,Unknown,69974e9ef9e149af234b9c5e,Fruit Box #3216,5,5,1,Produce
Detroit,2026-02-20 02:13,2026-02-19 16:30,5f766efd06e2381086a9acbf,Unknown,69974e55042b092504640f6d,Mixed Produce Box #3215,5,5,1,Produce
Detroit,2026-02-20 02:13,2026-02-19 16:30,5f766efd06e2381086a9acbf,Unknown,69974cd3042b092504637fbe,Veggie Box #3214,5,5,1,Produce
Detroit,2026-02-20 02:13,2026-02-19 16:30,5f766efd06e2381086a9acbf,Unknown,69974c68f9e149af234ae151,Veggie Box #3213,5,5,1,Produce
Detroit,2026-02-20 02:13,2026-02-19 16:30,5f766efd06e2381086a9acbf,Unknown,69974c10042b0925046325f4,Veggie Box #3212,5,5,1,Produce
Detroit,2026-02-20 02:13,2026-02-19 16:30,5f766efd06e2381086a9acbf,Unknown,69974bce3a1df4d16ba2e530,Veggie Box #3211,5,5,1,Produce
Detroit,2026-02-20 02:13,2026-02-19 16:30,5f766efd06e2381086a9acbf,Unknown,69970c6d042b09250446dfa1,TRUMOO MILK 1% CHOCOLATE 1/2 GAL,1.69,3.39,1,Dairy
Detroit,2026-02-20 02:13,2026-02-19 16:30,5f766efd06e2381086a9acbf,Unknown,69970c606e8c0840c1cd3ca8,MEIJER UHT HALF & HALF FAT FREE QUART,1.44,2.89,3,Dairy
Detroit,2026-02-20 02:13,2026-02-19 16:30,5f766efd06e2381086a9acbf,Unknown,69970c3d40f578fa9c420502,MEIJER MILK 2% RF 1/2 GAL,0.99,1.99,2,Dairy
Detroit,2026-02-20 02:13,2026-02-19 16:30,5f766efd06e2381086a9acbf,Unknown,69970c3240f578fa9c420313,MEIJER MILK 2% RF GAL,1.44,2.88,2,Dairy
Detroit,2026-02-20 02:13,2026-02-19 16:30,5f766efd06e2381086a9acbf,Unknown,69970c166e8c0840c1cd22fe,MEIJER MILK STRAWBERRY 1/2 GAL,1.24,2.49,2,Dairy
Detroit,2026-02-20 02:13,2026-02-19 16:30,5f766efd06e2381086a9acbf,Unknown,69961574046dcfd41e900b85,TRUMOO MILK 1% CHOCOLATE 1/2 GAL,1.69,3.39,1,Dairy
Detroit,2026-02-20 02:13,2026-02-19 16:30,5f766efd06e2381086a9acbf,Unknown,6996156940f578fa9c1ec7de,TRUMOO MILK CHOCOLATE 1% GALLON,2.89,5.79,1,Dairy
Detroit,2026-02-20 02:13,2026-02-19 16:30,5f766efd06e2381086a9acbf,Unknown,699614d6042b0925041ebe06,CHOBANI PROTEIN DRINK 20G CHERRY VANILLA 10 OZ,1.34,2.69,3,Dairy
Detroit,2026-02-20 02:13,2026-02-19 16:30,5f766efd06e2381086a9acbf,Unknown,699614b3042b0925041eb009,TRUE GOODNESS EGG BITES MUSHROOM & ASIAGO 4.6 OZ,1.99,3.99,4,Dairy
Detroit,2026-02-20 02:13,2026-02-19 16:30,5f766efd06e2381086a9acbf,Unknown,6995fff23a1df4d16b58203e,Veggie Box #3210,5,5,1,Produce
Detroit,2026-02-20 02:13,2026-02-19 16:30,5f766efd06e2381086a9acbf,Unknown,6995ffac3a1df4d16b5800ed,Fruit Box #3209,5,5,1,Produce
Detroit,2026-02-20 02:13,2026-02-19 16:30,5f766efd06e2381086a9acbf,Unknown,6995fd446e8c0840c1a28fd7,Fruit Box #3206,5,5,1,Produce
Detroit,2026-02-20 02:13,2026-02-19 16:30,5f766efd06e2381086a9acbf,Unknown,6995fc4e046dcfd41e88405b,Fruit Box #3204,5,5,1,Produce
Detroit,2026-02-20 02:13,2026-02-19 16:30,5f766efd06e2381086a9acbf,Unknown,69950c3bbe0d6f98097192a4,Mixed Produce Box #3203,5,5,1,Produce
Detroit,2026-02-20 02:13,2026-02-19 16:30,5f766efd06e2381086a9acbf,Unknown,69950bf56e8c0840c17a67a5,Mixed Produce Box #3202,5,5,1,Produce
Detroit,2026-02-20 02:13,2026-02-19 16:30,5f766efd06e2381086a9acbf,Unknown,69950ad53a1df4d16b2a10d0,Mixed Produce Box #3200,5,5,1,Produce
Detroit,2026-02-20 02:13,2026-02-19 16:30,5f766efd06e2381086a9acbf,Unknown,69950a5fbe0d6f9809712e11,Mixed Produce Box #3199,5,5,1,Produce
Detroit,2026-02-20 02:13,2026-02-19 16:30,5f766efd06e2381086a9acbf,Unknown,69950992046dcfd41e6186f7,Mixed Produce Box #3197,5,5,1,Produce
Detroit,2026-02-20 02:13,2026-02-19 16:30,5f766efd06e2381086a9acbf,Unknown,69946393b00680d6ddf63ac0,COUNTRY FRESH MILK 2% GAL,2.24,4.49,2,Dairy
Detroit,2026-02-20 02:13,2026-02-19 16:30,5f766efd06e2381086a9acbf,Unknown,699380592e0c6b02d599fc5b,Mixed Produce Box #3195,5,5,1,Produce
Detroit,2026-02-20 02:13,2026-02-19 16:30,5f766efd06e2381086a9acbf,Unknown,69937ff2ef2f3a8ea53252bf,Veggie Box #3194,5,5,1,Produce
Detroit,2026-02-20 02:13,2026-02-19 16:30,5f766efd06e2381086a9acbf,Unknown,69937ec8b00680d6dddb4197,Fruit Box #3191,5,5,1,Produce
Detroit,2026-02-20 02:13,2026-02-19 16:30,5f766efd06e2381086a9acbf,Unknown,69937ceefb8f36e2bca8e2fe,Fruit Box #3190,5,5,1,Produce
Detroit,2026-02-20 02:13,2026-02-19 16:30,5f766efd06e2381086a9acbf,Unknown,69937c83b00680d6ddda9a7f,Fruit Box #3189,5,5,1,Produce
Detroit,2026-02-20 02:13,2026-02-19 16:30,5f766efd06e2381086a9acbf,Unknown,69937c2ffb8f36e2bca8b8d0,Mixed Produce Box #3188,5,5,1,Produce
Detroit,2026-02-20 02:13,2026-02-19 16:30,5f766efd06e2381086a9acbf,Unknown,69937b2a1af04775dad7ff9e,Mixed Produce Box #3185,5,5,1,Produce
Detroit,2026-02-20 02:13,2026-02-19 16:30,5f766efd06e2381086a9acbf,Unknown,69935cb9fb8f36e2bca0d0ea,FREDERIKS BY MEIJER MASCARPONE 8 OZ,2.24,4.49,10,Deli
Detroit,2026-02-20 02:13,2026-02-19 16:30,5f766efd06e2381086a9acbf,Unknown,6993554c1af04775dacd4959,SILK SOY YOGURT CULTURED SIMPLY PLAIN 24 OZ,3.29,6.59,3,Dairy
Detroit,2026-02-20 02:13,2026-02-19 16:30,5f766efd06e2381086a9acbf,Unknown,6991d737ef2f3a8ea5e14120,GARDEN FRESH BRUSCHETTA TOMATO SALAD 12 OZ,2.24,4.49,1,Deli
Detroit,2026-02-20 02:13,2026-02-19 16:30,5f766efd06e2381086a9acbf,Unknown,698f5cc3ef2f3a8ea577934c,SILK SOY YOGURT VANILLA 24 OZ,3.29,6.59,1,Dairy
Detroit,2026-02-20 02:13,2026-02-19 16:30,5f766efd06e2381086a9acbf,Unknown,698f27d72e0c6b02d5a39239,KINGS HAWAIIAN LOAF ROUND 16 OZ,3.49,6.99,1,Deli
Detroit,2026-02-20 02:13,2026-02-19 16:30,5f766efd06e2381086a9acbf,Unknown,696d1e7e195c11bef7c28fa8,FYH ORIGINAL VEGENAISE 32 OZ,4.74,9.49,2,Produce
Detroit,2026-02-20 02:13,2026-02-19 16:30,5f766f081673e04ebe6374cd,Unknown,6997335f3a1df4d16b988118,FFM PORK STEW MEAT ALL NATURAL RW715,1.84,3.69,1,Meat
Detroit,2026-02-20 02:13,2026-02-19 16:30,5f766f081673e04ebe6374cd,Unknown,69973356a13de79833b371a7,FFM PORK STEW MEAT ALL NATURAL RW715,1.93,3.86,1,Meat
Detroit,2026-02-20 02:13,2026-02-19 16:30,5f766f081673e04ebe6374cd,Unknown,6997334bf9e149af23422199,FFM PORK STEW MEAT ALL NATURAL RW715,1.45,2.9,1,Meat
Detroit,2026-02-20 02:13,2026-02-19 16:30,5f766f081673e04ebe6374cd,Unknown,6997331167cd77db0ae0b530,FFM PORK LOIN ASSORTED BI CHOPS ALL NAT,3.76,7.52,1,Meat
Detroit,2026-02-20 02:13,2026-02-19 16:30,5f766f081673e04ebe6374cd,Unknown,699732b1f9e149af2341e8c4,FFM PORK LOIN ASSORTED BI CHOPS ALL NAT,4.19,8.38,1,Meat
Detroit,2026-02-20 02:13,2026-02-19 16:30,5f766f081673e04ebe6374cd,Unknown,699732903a1df4d16b9832a0,FFM PORK LOIN ASSORTED BI CHOPS ALL NAT,4.22,8.45,1,Meat
Detroit,2026-02-20 02:13,2026-02-19 16:30,5f766f081673e04ebe6374cd,Unknown,69972e0567cd77db0adeb5fe,FFM CHCKN DRUMS ALL NTL RW1484,2.91,5.82,1,Meat
Detroit,2026-02-20 02:13,2026-02-19 16:30,5f766f081673e04ebe6374cd,Unknown,69972dfbf9e149af23403bc6,FFM CHCKN DRUMS ALL NTL RW1484,2.67,5.34,1,Meat
Detroit,2026-02-20 02:13,2026-02-19 16:30,5f766f081673e04ebe6374cd,Unknown,69972d7f3a1df4d16b960403,GREAT RANGE BISON STEAK MEDALLIONS 2 PK 12 OZ,7.99,15.99,3,Meat
Detroit,2026-02-20 02:13,2026-02-19 16:30,5f766f081673e04ebe6374cd,Unknown,69972c1bf9e149af233f9060,TYSON BEEF ROAST SLOW COOKER KIT 44 OZ,8.99,17.99,4,Meat
Detroit,2026-02-20 02:13,2026-02-19 16:30,5f766f081673e04ebe6374cd,Unknown,6994868e1af04775da0136ec,Mixed Produce Box #1,3,3,1,Produce
Detroit,2026-02-20 02:13,2026-02-19 16:30,5f766f081673e04ebe6374df,Unknown,699752a1a13de79833bebf51,Mixed Produce Box #502,5,5,1,Produce
Detroit,2026-02-20 02:13,2026-02-19 16:30,5f766f081673e04ebe6374df,Unknown,6997528e3a1df4d16ba56a13,Mixed Produce Box #501,5,5,1,Produce
Detroit,2026-02-20 02:13,2026-02-19 16:30,5f766f081673e04ebe6374df,Unknown,6997527b3a1df4d16ba5623d,Mixed Produce Box #500,5,5,1,Produce
Detroit,2026-02-20 02:13,2026-02-19 16:30,5f766f081673e04ebe6374df,Unknown,699600eb40f578fa9c18b4ae,Mixed Produce Box #405,5,5,1,Produce
Detroit,2026-02-20 02:13,2026-02-19 16:30,5f766f081673e04ebe6374df,Unknown,699600da3a1df4d16b5879e0,Mixed Produce Box #404,5,5,1,Produce
Detroit,2026-02-20 02:13,2026-02-19 16:30,5f766f081673e04ebe6374df,Unknown,699600c9046dcfd41e89b672,Mixed Produce Box #403,5,5,1,Produce
Detroit,2026-02-20 02:13,2026-02-19 16:30,5f766f081673e04ebe6374df,Unknown,6995ffa5042b09250416ef80,Mixed Produce Box #402,5,5,1,Produce
Detroit,2026-02-20 02:13,2026-02-19 16:30,5f766f081673e04ebe6374df,Unknown,69935fd8fb8f36e2bca1ba1d,Mixed Produce Box #203,5,5,1,Produce
Detroit,2026-02-20 02:13,2026-02-19 16:30,5f766f081673e04ebe6374df,Unknown,69935e9eb00680d6ddd24a90,Mixed Produce Box #201,5,5,1,Produce
Detroit,2026-02-20 02:13,2026-02-19 16:30,5f766f081673e04ebe6374d2,Unknown,69961dd46e8c0840c1ac7a8b,GREENFIELD LUNCH KIT UNCURED PEPPERONI 2.8 OZ,1.49,2.99,12,Packaged meat
Detroit,2026-02-20 02:13,2026-02-19 16:30,5f766f081673e04ebe6374d2,Unknown,6995f1f940f578fa9c133ad3,HORMEL PEPPERONI PILLOW PACK 6 OZ,2.09,4.19,77,Packaged meat
Detroit,2026-02-20 02:13,2026-02-19 16:30,68cac789765cb78193ff5f26,Unknown,6996234d046dcfd41e9449f6,Felicia Red Lentil Penne,2.9,5.79,2,Brands
Detroit,2026-02-20 02:13,2026-02-19 16:30,68cac789765cb78193ff5f26,Unknown,699622eb046dcfd41e942c5a,Breadfruit All-Purpose Flour,7.35,14.69,2,Brands
Detroit,2026-02-20 02:13,2026-02-19 16:30,68cac789765cb78193ff5f26,Unknown,699622bd3a1df4d16b64ac50,"Breadfruit, Pancake, And Waffle Mix",4.4,8.79,3,Brands
Detroit,2026-02-20 02:13,2026-02-19 16:30,68cac789765cb78193ff5f26,Unknown,699609a2042b0925041abf3e,Cadia Organic with Whole Berries Cranberry Sauce 14 oz,2.4,4.79,1,Brands
Detroit,2026-02-20 02:13,2026-02-19 16:30,68cac789765cb78193ff5f26,Unknown,6995f6e36e8c0840c1a07d55,Bob's Red Mill White Unbleached All-Purpose Flour 5 lb,4.15,8.29,2,Brands
Detroit,2026-02-20 02:13,2026-02-19 16:30,68cac789765cb78193ff5f26,Unknown,6994c4a3fb8f36e2bce2b6cf,"Bachan's Sesame Ginger Japanese Dipping Sauce, 16oz Bottle - Bold, Fresh, Umami Flavor",5.15,10.29,2,Brands
Detroit,2026-02-20 02:13,2026-02-19 16:30,68cac789765cb78193ff5f26,Unknown,6994c488b00680d6dd1ef550,"Bachan's Spicy Sesame Japanese Dipping Sauce, 16oz Bottle - Bold, Fresh, Umami Flavor",5.15,10.29,3,Digestion & Super Foods
Detroit,2026-02-20 02:13,2026-02-19 16:30,68cac789765cb78193ff5f26,Unknown,6990ec96fb8f36e2bc389483,Teaonic I Love My Adrenas,2.3,4.59,2,Brands
Detroit,2026-02-20 02:13,2026-02-19 16:30,68cac789765cb78193ff5f26,Unknown,698f1f2e2e0c6b02d59f84fb,Pacha Whipped Soap And Scrub,4.95,9.89,4,Bath & Beauty
Detroit,2026-02-20 02:13,2026-02-19 16:30,68cac789765cb78193ff5f26,Unknown,698f1ef81af04775dae0107b,Pacha Whipped Soap And Scrub,5.5,10.99,3,Bath & Beauty
Detroit,2026-02-20 02:13,2026-02-19 16:30,68cac789765cb78193ff5f26,Unknown,698f1ebfb00680d6dddbbace,Pacha Whipped Soap And Scrub,4.93,9.86,1,Bath & Beauty
Detroit,2026-02-20 02:13,2026-02-19 16:30,68cac789765cb78193ff5f26,Unknown,698ca45cc4a187cb6c4a734c,"Death Wish Coffee, Organic and Fair Trade, Espresso Roast, Ground Coffee, 9 oz",10.85,21.69,3,Brands
Detroit,2026-02-20 02:13,2026-02-19 16:30,68cac789765cb78193ff5f26,Unknown,698ca2a7ff05ab02e9804e26,Just About Foods Organic Crunchy Peanut Butter 16 oz,4.6,9.19,3,Brands
Detroit,2026-02-20 02:13,2026-02-19 16:30,68cac789765cb78193ff5f26,Unknown,698b8022c4a187cb6c0cab4a,Cadia Organic Shredded Monterey Jack Cheese,3.1,6.19,4,Brands
Detroit,2026-02-20 02:13,2026-02-19 16:30,68cac789765cb78193ff5f26,Unknown,698b559c89dc00ce48f25f68,Odyssey Revive Sparkling Strawberry Passion Fruit Cognition + Mood Drink 12 fl oz,1.9,3.79,1,Brands
Detroit,2026-02-20 02:13,2026-02-19 16:30,68cac789765cb78193ff5f26,Unknown,698b365d89dc00ce48e6424f,Belle Lavender Gift Box,25,51.69,2,Bath & Beauty
Detroit,2026-02-20 02:13,2026-02-19 16:30,68cac789765cb78193ff5f26,Unknown,698b3606e5de2b13bba32096,"Cbd Bath Salts, Coconut Lime",20,40,5,Bath & Beauty
Detroit,2026-02-20 02:13,2026-02-19 16:30,68cac789765cb78193ff5f26,Unknown,6982173008f58a8cb0c62538,Primal Kitchen Organic Unsweetened Squeeze Ketchup 18.5 oz,5.25,10.49,1,Brands
Detroit,2026-02-20 02:13,2026-02-19 16:30,68cac789765cb78193ff5f26,Unknown,698211346908436b995342dc,Nature's Path Organic Love Child Organics Organic 6 Months + Apples/Bananas/Spinach/Avocado Baby Puree 4 oz,1.4,2.79,6,Brands
Detroit,2026-02-20 02:13,2026-02-19 16:30,68cac789765cb78193ff5f26,Unknown,698210e456e98db90139ea66,GoGo squeeZ Puddingz On-the-Go Chocolate Pudding Snack Pouches,2.8,5.59,3,Brands
Detroit,2026-02-20 02:13,2026-02-19 16:30,68cac789765cb78193ff5f26,Unknown,69820d761886d692c3c265ca,Simple Mills Crunchy Almond Flour Toasted Pecan Cookies 5.5 oz,3,5.99,2,Brands
Detroit,2026-02-20 02:13,2026-02-19 16:30,68cac789765cb78193ff5f26,Unknown,69710a4337266be12b57720f,Nick's Sticks Turkey Sticks 2 Packs,2.2,4.39,3,Brands
Detroit,2026-02-20 02:13,2026-02-19 16:30,68cac789765cb78193ff5f26,Unknown,696f9b3a1691cb7a8cca6b0e,Good Boy Rawhide,5.6,11.19,5,Brands
Detroit,2026-02-20 02:13,2026-02-19 16:30,68cac789765cb78193ff5f26,Unknown,696aa0faeb4478d75e887112,Seeds of Change Organic Quinoa & Brown Rice with Garlic 8.5 oz,2.5,4.99,7,Brands
Detroit,2026-02-20 02:13,2026-02-19 16:30,68cac789765cb78193ff5f26,Unknown,696a7ec2544f613a9c3edf0c,"FISHER Chef's Naturals Chopped Walnuts, 10 oz, Naturally Gluten Free, No Preservatives, Non-GMO",6.15,12.29,1,Brands
Detroit,2026-02-20 02:13,2026-02-19 16:30,68cac789765cb78193ff5f26,Unknown,695ae339169865789d5ea9eb,Pacha Cbd Froth Bomb,9.9,19.79,3,Brands
Detroit,2026-02-20 02:13,2026-02-19 16:30,68cac789765cb78193ff5f26,Unknown,68e01201ad8e4a2d3db71d68,Folate,4.35,8.69,1,Vitamins & Supplements
Detroit,2026-02-20 02:13,2026-02-19 16:30,68cac789765cb78193ff5f26,Unknown,68e0086fdfc6513c850c1298,Baby's Only Organic Sensitive Toddler Drink 12.7 oz,15,26.29,3,Brands
Detroit,2026-02-20 02:13,2026-02-19 16:30,65b28a86f1496a5dc77922bd,Unknown,68f127cf935e9033e3227971,Inotea Brown Sugar Bubble Tea (16.6 oz),2.65,5.29,4,Drinks
Detroit,2026-02-20 02:13,2026-02-19 16:30,65b28a86f1496a5dc77922bd,Unknown,68443182e6b5599fc7e4b948,Tajin Clasico Seasoning (14.1 oz),4.2,10.49,1,Multicultural
Detroit,2026-02-20 02:13,2026-02-19 16:30,5f766f081673e04ebe6374d9,Unknown,69974785042b0925046159f3,Mixed Produce Box #18,5,5,1,Produce
Detroit,2026-02-20 02:13,2026-02-19 16:30,5f766f081673e04ebe6374d9,Unknown,69974774f9e149af23492ebb,Mixed Produce Box #17,5,5,1,Produce
Detroit,2026-02-20 02:13,2026-02-19 16:30,5f766f081673e04ebe6374d9,Unknown,69974768042b092504614d19,Mixed Produce Box #16,5,5,1,Produce
Detroit,2026-02-20 02:13,2026-02-19 16:30,5f766f081673e04ebe6374d9,Unknown,699622c6042b09250423b08c,Mixed Produce Box #15,5,5,1,Produce
Detroit,2026-02-20 02:13,2026-02-19 16:30,5f766f081673e04ebe6374d9,Unknown,6996228f042b0925042399d6,Mixed Produce Box #14,5,5,1,Produce
Detroit,2026-02-20 02:13,2026-02-19 16:30,5f766f081673e04ebe6374d9,Unknown,699622776e8c0840c1adcde8,Mixed Produce Box #13,5,5,1,Produce
Detroit,2026-02-20 02:13,2026-02-19 16:30,5f766f081673e04ebe6374d9,Unknown,69948ad4b00680d6dd07278f,Fruit Box #12,5,5,1,Produce
Detroit,2026-02-20 02:13,2026-02-19 16:30,5f766f081673e04ebe6374d9,Unknown,69948acaef2f3a8ea556ee9f,Fruit Box #11,5,5,1,Produce
Detroit,2026-02-20 02:13,2026-02-19 16:30,5f766f081673e04ebe6374d9,Unknown,69948ac22e0c6b02d5c486ad,Fruit Box #10,5,5,1,Produce
Detroit,2026-02-20 02:13,2026-02-19 16:30,5f766f081673e04ebe6374d9,Unknown,69948abf1af04775da02f8d6,Mixed Produce Box #6,5,5,1,Produce
Detroit,2026-02-20 02:13,2026-02-19 16:30,5f766f081673e04ebe6374d9,Unknown,69948aaefb8f36e2bccf27a1,Veggie Box #5,5,5,1,Produce
Detroit,2026-02-20 02:13,2026-02-19 16:30,5f766f081673e04ebe6374d9,Unknown,69935e202e0c6b02d590d396,Mixed Produce Box #1,5,5,1,Produce
Detroit,2026-02-20 02:13,2026-02-19 16:30,5f766f081673e04ebe6374db,Unknown,699745ac67cd77db0ae780cb,Mixed Produce Box #43,5,5,1,Produce
Detroit,2026-02-20 02:13,2026-02-19 16:30,5f766f081673e04ebe6374db,Unknown,69974584a13de79833ba06de,Mixed Produce Box #42,5,5,1,Produce
Detroit,2026-02-20 02:13,2026-02-19 16:30,5f766f081673e04ebe6374db,Unknown,6997450f67cd77db0ae75624,Mixed Produce Box #41,4.49,4.49,1,Produce
Detroit,2026-02-20 02:13,2026-02-19 16:30,5f766f081673e04ebe6374db,Unknown,699744e367cd77db0ae7492b,Mixed Produce Box #40,4.29,4.29,1,Produce
Detroit,2026-02-20 02:13,2026-02-19 16:30,5f766f081673e04ebe6374db,Unknown,699744caf9e149af23483936,Mixed Produce Box #39,1.99,1.99,1,Produce
Detroit,2026-02-20 02:13,2026-02-19 16:30,5f766f081673e04ebe6374db,Unknown,6997443fa13de79833b997fb,Mixed Produce Box #38,4.89,4.89,1,Produce
Detroit,2026-02-20 02:13,2026-02-19 16:30,5f766f081673e04ebe6374db,Unknown,699743c667cd77db0ae6e3ff,Mixed Produce Box #36,4.29,4.29,1,Produce
Detroit,2026-02-20 02:13,2026-02-19 16:30,5f766f081673e04ebe6374db,Unknown,69974332a13de79833b933cd,Mixed Produce Box #35,4.49,4.49,1,Produce
Detroit,2026-02-20 02:13,2026-02-19 16:30,5f766f081673e04ebe6374db,Unknown,699742c867cd77db0ae670c2,Organic Fruit Box,5,10,1,Produce
Detroit,2026-02-20 02:13,2026-02-19 16:30,5f766f081673e04ebe6374db,Unknown,699742673a1df4d16b9ed715,Mixed Produce Box #33,4.49,4.49,1,Produce
Detroit,2026-02-20 02:13,2026-02-19 16:30,5f766f081673e04ebe6374db,Unknown,69974231042b0925045f0f5b,Organic Mix Box 32,5,10,1,Produce
Detroit,2026-02-20 02:13,2026-02-19 16:30,5f766f081673e04ebe6374db,Unknown,699741483a1df4d16b9e51a9,Mixed Produce Box #30,3.89,3.89,1,Produce
Detroit,2026-02-20 02:13,2026-02-19 16:30,5f766f081673e04ebe6374db,Unknown,699719a440f578fa9c46b423,LH COOKIE PATRIOTIC MINI FROSTED,2.49,4.99,10,Bakery
Detroit,2026-02-20 02:13,2026-02-19 16:30,5f766f081673e04ebe6374db,Unknown,68bc57f574b31964b67cc64f,NUTTY & FRUITY TAMARIND BITES CHILI 7 OZ,2.49,4.99,4,Produce
Detroit,2026-02-20 02:13,2026-02-19 16:30,5f766f081673e04ebe6374d7,Unknown,69971ba740f578fa9c476c0e,Mixed Produce Box #1,5,5,1,Produce
Detroit,2026-02-20 02:13,2026-02-19 16:30,5f766f081673e04ebe6374d7,Unknown,69948f4e1af04775da04e715,Mixed Produce Box #67,5,5,1,Produce
Detroit,2026-02-20 02:13,2026-02-19 16:30,5f766f081673e04ebe6374d7,Unknown,69948f41fb8f36e2bcd0cd53,Mixed Produce Box #69,5,5,1,Produce
Detroit,2026-02-20 02:13,2026-02-19 16:30,5f766f081673e04ebe6374d7,Unknown,69948f32ef2f3a8ea558576f,Mixed Produce Box #68,5,5,1,Produce
Detroit,2026-02-20 02:13,2026-02-19 16:30,6944a4d129180fee26303bff,Unknown,699647353a1df4d16b704fb9,Inno Foods-Almond Fruit Crunch,10.25,20.5,2,Grocery
Detroit,2026-02-20 02:13,2026-02-19 16:30,6944a4d129180fee26303bff,Unknown,698e3fedef2f3a8ea5465bb2,Burnbrae Farms Eggs- 12 Large,4.99,6.6,15,Grocery
Detroit,2026-02-20 02:13,2026-02-19 16:30,6944a4d129180fee26303bff,Unknown,6986711ecdf3ac47e4d8f501,Candy Pop Popcorn Snickers,2.85,5.69,5,Grocery
Detroit,2026-02-20 02:13,2026-02-19 16:30,6944a4d129180fee26303bff,Unknown,698514de1886d692c3847302,Spice Supreme Jamaican Jerk Seasoning- 92g,1.94,3.87,2,Grocery
Detroit,2026-02-20 02:13,2026-02-19 16:30,6944a4d129180fee26303bff,Unknown,6955891cd8ef110679a66a82,3 Minutes Chow Mein Noodles- 454g,1.07,2.13,3,Grocery
Detroit,2026-02-20 02:13,2026-02-19 16:30,6532e51515d8056e6714c165,Unknown,692e81ea69fa8139aa55a448,UpTop Treats Candy Freeze Dried Moon Rocks Original (3.5 oz),2.73,9.09,2,Candy
